occ_code,title,ai_exposure,automation_exposure,augmentation_exposure,theoretical_exposure,theoretical_exposure_conservative,automation_share,augmentation_share,classified_task_n,soc_major,soc_major_label,exposure_q,high_exposure
11-1011,Chief Executives,0.0333,0.0073795469047803,0.0259204530952196,0.8822222222222222,0.5077777777777778,0.2216080151585681,0.7783919848414318,14.0,11,Management,Q1 (low),0
11-1021,General and Operations Managers,0.1378,0.0631212903225806,0.0746787096774193,0.9615384615384616,0.4807692307692308,0.4580645161290322,0.5419354838709678,2.0,11,Management,Q3,1
11-1031,Legislators,0.0,0.0,0.0,0.7666666666666666,0.4,,,5.0,11,Management,Q0 (none),0
11-2011,Advertising and Promotions Managers,0.1731,0.0669456299881227,0.1061543700118772,0.9534883720930232,0.4767441860465116,0.3867454072104147,0.6132545927895853,6.0,11,Management,Q3,1
11-2021,Marketing Managers,0.3195,0.0539578148644257,0.2655421851355743,0.9375,0.5,0.1688820496539145,0.8311179503460855,9.0,11,Management,Q4 (high),1
11-2022,Sales Managers,0.0433,0.0152823529411764,0.0280176470588235,0.9,0.45,0.3529411764705882,0.6470588235294118,5.0,11,Management,Q1 (low),0
11-2032,Public Relations Managers,0.2315,0.0837223799114229,0.147777620088577,0.95,0.55,0.361651749077421,0.6383482509225789,7.0,11,Management,Q3,1
11-3012,Administrative Services Managers,0.0,0.0,0.0,0.6956521739130435,0.3913043478260869,,,,11,Management,Q0 (none),0
11-3013,Facilities Managers,0.1345,,,0.7646103896103895,0.4001623376623376,,,,11,Management,Q3,1
11-3021,Computer and Information Systems Managers,0.1559,0.0516677440211717,0.1042322559788283,0.9393939393939394,0.5303030303030303,0.3314159334263739,0.668584066573626,7.0,11,Management,Q3,1
11-3031,Financial Managers,0.3907,0.134715463546678,0.255984536453322,0.9701104613385316,0.4850552306692657,0.3448053840457589,0.6551946159542411,18.0,11,Management,Q4 (high),1
11-3051,Industrial Production Managers,0.0132,0.0039448275862068,0.0092551724137931,0.7406923003621116,0.4057187015028995,0.2988505747126436,0.7011494252873564,5.0,11,Management,Q1 (low),0
11-3061,Purchasing Managers,0.2004,0.1133492977975528,0.0870507022024472,0.9428571428571428,0.5857142857142857,0.5656152584708224,0.4343847415291776,4.0,11,Management,Q3,1
11-3071,"Transportation, Storage, and Distribution Managers",0.0956,0.0266009139113539,0.068999086088646,0.9551948051948052,0.486525974025974,0.2782522375664642,0.7217477624335358,5.0,11,Management,Q2,0
11-3111,Compensation and Benefits Managers,0.0,0.0,0.0,0.894736842105263,0.513157894736842,,,6.0,11,Management,Q0 (none),0
11-3121,Human Resources Managers,0.0,0.0,0.0,0.92,0.48,,,3.0,11,Management,Q0 (none),0
11-3131,Training and Development Managers,0.3777,0.193651811211113,0.1840481887888869,0.9090909090909092,0.5,0.5127132941782184,0.4872867058217816,4.0,11,Management,Q4 (high),1
11-9013,"Farmers, Ranchers, and Other Agricultural Managers",0.0,0.0,0.0,0.6938775510204082,0.3673469387755101,,,3.0,11,Management,Q0 (none),0
11-9021,Construction Managers,0.1186,0.0405477592578878,0.0780522407421121,0.8444444444444444,0.4444444444444445,0.3418866716516678,0.6581133283483321,5.0,11,Management,Q3,1
11-9031,"Education and Childcare Administrators, Preschool and Daycare",0.0395,0.0173027472796992,0.0221972527203007,0.875,0.46875,0.4380442349290944,0.5619557650709055,7.0,11,Management,Q1 (low),0
11-9032,"Education Administrators, Kindergarten through Secondary",0.0525,0.0205651447205072,0.0319348552794927,0.8181818181818181,0.4181818181818181,0.3917170422953764,0.6082829577046236,9.0,11,Management,Q2,0
11-9033,"Education Administrators, Postsecondary",0.0644,0.0,0.0644,0.8536585365853658,0.4390243902439024,0.0,1.0,5.0,11,Management,Q2,0
11-9041,Architectural and Engineering Managers,0.0306,0.0087428571428571,0.0218571428571428,0.8334975369458129,0.4426108374384236,0.2857142857142857,0.7142857142857142,7.0,11,Management,Q1 (low),0
11-9051,Food Service Managers,0.0,0.0,0.0,0.7708333333333333,0.4166666666666666,,,2.0,11,Management,Q0 (none),0
11-9071,Gambling Managers,0.0,0.0,0.0,0.8235294117647058,0.5735294117647058,,,1.0,11,Management,Q0 (none),0
11-9081,Lodging Managers,0.1215,,,0.8695652173913043,0.4565217391304347,,,3.0,11,Management,Q3,1
11-9111,Medical and Health Services Managers,0.0659,0.0156901332777473,0.0502098667222526,0.8571428571428571,0.4285714285714285,0.238090034563693,0.761909965436307,4.0,11,Management,Q2,0
11-9121,Natural Sciences Managers,0.0613,0.023001039966315,0.0382989600336849,0.9498415323136284,0.5306967984934087,0.3752208803640306,0.6247791196359694,16.0,11,Management,Q2,0
11-9131,Postmasters and Mail Superintendents,0.0,0.0,0.0,0.9047619047619048,0.5238095238095237,0.3947368421052631,0.605263157894737,1.0,11,Management,Q0 (none),0
11-9141,"Property, Real Estate, and Community Association Managers",0.1653,0.0748011508661137,0.0904988491338863,0.8863636363636364,0.4431818181818182,0.4525175490992965,0.5474824509007036,7.0,11,Management,Q3,1
11-9151,Social and Community Service Managers,0.1808,0.0486865754511203,0.1321134245488796,0.7142857142857142,0.3928571428571428,0.2692841562561967,0.7307158437438033,2.0,11,Management,Q3,1
11-9161,Emergency Management Directors,0.0,0.0,0.0,0.8444444444444444,0.4222222222222222,,,2.0,11,Management,Q0 (none),0
11-9171,Funeral Home Managers,0.0108,0.004518978893068,0.0062810211069319,0.7142857142857142,0.4285714285714285,0.4184239715803776,0.5815760284196224,6.0,11,Management,Q1 (low),0
11-9179,"Personal Service Managers, All Other",0.1244,0.0457647394713936,0.0786352605286063,0.7417184265010353,0.4521221532091096,0.3678837578086309,0.6321162421913691,36.0,11,Management,Q3,1
11-9199,"Managers, All Other",0.0686,0.025236825785672,0.0433631742143279,0.91125694749159,0.4912673640410586,0.3678837578086309,0.6321162421913691,36.0,11,Management,Q2,0
13-1011,"Agents and Business Managers of Artists, Performers, and Athletes",0.118,0.0427892588738923,0.0752107411261076,0.9130434782608696,0.5434782608695652,0.3626208379143418,0.6373791620856581,6.0,13,Business & Financial Operations,Q3,1
13-1031,"Claims Adjusters, Examiners, and Investigators",0.0818,,,0.96,0.52,,,3.0,13,Business & Financial Operations,Q2,0
13-1032,"Insurance Appraisers, Auto Damage",0.0,0.0,0.0,1.0,0.5,,,1.0,13,Business & Financial Operations,Q0 (none),0
13-1041,Compliance Officers,0.1211,0.0397990137519605,0.0813009862480395,0.8183125008857741,0.5263042749310427,0.3286458608749835,0.6713541391250165,19.0,13,Business & Financial Operations,Q3,1
13-1051,Cost Estimators,0.0,0.0,0.0,1.0,0.5,,,3.0,13,Business & Financial Operations,Q0 (none),0
13-1071,Human Resources Specialists,0.4034,0.1929975906813565,0.2104024093186434,0.9555555555555556,0.6444444444444445,0.4784273442770366,0.5215726557229634,15.0,13,Business & Financial Operations,Q4 (high),1
13-1074,Farm Labor Contractors,0.0,0.0,0.0,0.2857142857142857,0.1428571428571428,,,,13,Business & Financial Operations,Q0 (none),0
13-1075,Labor Relations Specialists,0.0,0.0,0.0,0.9245283018867924,0.5471698113207547,,,5.0,13,Business & Financial Operations,Q0 (none),0
13-1081,Logisticians,0.1571,0.064072841818019,0.0930271581819809,0.9696969696969696,0.5278605318327264,0.4078474972502802,0.5921525027497198,27.0,13,Business & Financial Operations,Q3,1
13-1111,Management Analysts,0.2435,0.101268691588785,0.1422313084112149,0.7142857142857142,0.4047619047619047,0.4158878504672897,0.5841121495327103,5.0,13,Business & Financial Operations,Q3,1
13-1121,"Meeting, Convention, and Event Planners",0.1023,0.0425653846153846,0.0597346153846153,0.8648648648648649,0.4864864864864865,0.4160839160839161,0.5839160839160839,4.0,13,Business & Financial Operations,Q2,1
13-1131,Fundraisers,0.0466,0.0163629632569495,0.0302370367430504,0.8846153846153847,0.5192307692307693,0.3511365505783168,0.6488634494216832,8.0,13,Business & Financial Operations,Q1 (low),0
13-1141,"Compensation, Benefits, and Job Analysis Specialists",0.0649,0.0292186330133053,0.0356813669866946,0.8684210526315789,0.4736842105263157,0.4502100618382953,0.5497899381617046,5.0,13,Business & Financial Operations,Q2,0
13-1151,Training and Development Specialists,0.2793,0.1121537886329015,0.1671462113670984,1.0,0.5526315789473684,0.401553127937349,0.598446872062651,3.0,13,Business & Financial Operations,Q4 (high),1
13-1161,Market Research Analysts and Marketing Specialists,0.6483,0.2794565108441589,0.3688434891558411,1.0,0.5245901639344263,0.4310604825607881,0.5689395174392119,8.0,13,Business & Financial Operations,Q4 (high),1
13-1199,"Business Operations Specialists, All Other",0.1846,0.0785499753007353,0.1060500246992646,0.9415292353823088,0.5828407660281357,0.4255144924200182,0.5744855075799817,44.0,13,Business & Financial Operations,Q3,1
13-2011,Accountants and Auditors,0.3478,0.1543751744925376,0.1934248255074623,1.0,0.56,0.4438619163097689,0.5561380836902311,7.0,13,Business & Financial Operations,Q4 (high),1
13-2031,Budget Analysts,0.0672,0.0,0.0672,0.96,0.52,0.0,1.0,6.0,13,Business & Financial Operations,Q2,0
13-2041,Credit Analysts,0.1685,,,1.0,0.5555555555555556,,,2.0,13,Business & Financial Operations,Q3,1
13-2051,Financial and Investment Analysts,0.5716,0.1793771272377523,0.3922228727622476,0.9230769230769232,0.4615384615384615,0.3138158279176913,0.6861841720823086,8.0,13,Business & Financial Operations,Q4 (high),1
13-2052,Personal Financial Advisors,0.3504,0.0975798653683619,0.252820134631638,0.9473684210526316,0.5,0.2784813509371061,0.7215186490628939,11.0,13,Business & Financial Operations,Q4 (high),1
13-2053,Insurance Underwriters,0.0625,0.0625,0.0,1.0,0.5714285714285714,1.0,0.0,1.0,13,Business & Financial Operations,Q2,0
13-2054,Financial Risk Specialists,0.2649,0.1090975782655125,0.1558024217344875,1.0,0.5333333333333333,0.4118443875632787,0.5881556124367213,37.0,13,Business & Financial Operations,Q4 (high),1
13-2061,Financial Examiners,0.0428,0.0124453900709219,0.030354609929078,0.9393939393939394,0.5,0.2907801418439716,0.7092198581560284,2.0,13,Business & Financial Operations,Q1 (low),0
13-2071,Credit Counselors,0.2341,0.0563665128415773,0.1777334871584226,0.9772727272727272,0.625,0.2407796362305738,0.7592203637694261,13.0,13,Business & Financial Operations,Q3,1
13-2072,Loan Officers,0.1857,0.0532138247370015,0.1324861752629984,0.9772727272727272,0.5909090909090909,0.2865580222778759,0.7134419777221243,4.0,13,Business & Financial Operations,Q3,1
13-2081,"Tax Examiners and Collectors, and Revenue Agents",0.0275,0.0026570048309178,0.0248429951690821,0.967741935483871,0.5806451612903225,0.0966183574879226,0.9033816425120774,3.0,13,Business & Financial Operations,Q1 (low),0
13-2082,Tax Preparers,0.1283,0.0128125024420663,0.1154874975579336,1.0,0.625,0.0998636199693402,0.9001363800306598,5.0,13,Business & Financial Operations,Q3,1
13-2099,"Financial Specialists, All Other",0.2202,0.1024646743570627,0.1177353256429373,0.931818181818182,0.5832309582309583,0.4653254966260795,0.5346745033739205,29.0,13,Business & Financial Operations,Q3,1
15-1211,Computer Systems Analysts,0.2763,0.0908701998302883,0.1854298001697116,0.9407308377896612,0.6174242424242424,0.3288823736166787,0.6711176263833212,16.0,15,Computer & Mathematical,Q4 (high),1
15-1212,Information Security Analysts,0.4859,0.1611132229514374,0.3247867770485625,0.9565217391304348,0.6521739130434783,0.3315769149031434,0.6684230850968564,8.0,15,Computer & Mathematical,Q4 (high),1
15-1221,Computer and Information Research Scientists,0.3404,0.1014640616616361,0.2389359383383637,0.8846153846153847,0.6346153846153847,0.2980730366088019,0.701926963391198,9.0,15,Computer & Mathematical,Q4 (high),1
15-1231,Computer Network Support Specialists,0.2867,0.1042291316904168,0.1824708683095831,0.8076923076923077,0.6346153846153847,0.3635477212780498,0.6364522787219502,9.0,15,Computer & Mathematical,Q4 (high),1
15-1232,Computer User Support Specialists,0.4685,0.1643366093971129,0.3041633906028871,0.7777777777777777,0.611111111111111,0.3507718450311908,0.6492281549688091,8.0,15,Computer & Mathematical,Q4 (high),1
15-1241,Computer Network Architects,0.1987,0.0539438110693035,0.1447561889306964,0.915558510638298,0.6352227393617021,0.2714836993925693,0.7285163006074307,26.0,15,Computer & Mathematical,Q3,1
15-1242,Database Administrators,0.3315,0.1889886652908421,0.1425113347091578,1.0,0.935483870967742,0.5701015544218466,0.4298984455781534,5.0,15,Computer & Mathematical,Q4 (high),1
15-1243,Database Architects,0.5787,0.2280579812446647,0.3506420187553352,1.0,0.9112466124661248,0.3940867137457486,0.6059132862542513,133.0,15,Computer & Mathematical,Q4 (high),1
15-1244,Network and Computer Systems Administrators,0.3373,0.1383321814619991,0.1989678185380008,0.918918918918919,0.7297297297297298,0.410116162057513,0.589883837942487,8.0,15,Computer & Mathematical,Q4 (high),1
15-1251,Computer Programmers,0.7451,0.343197849775733,0.401902150224267,1.0,0.95,0.4606064283663038,0.5393935716336962,11.0,15,Computer & Mathematical,Q4 (high),1
15-1252,Software Developers,0.288,0.1068071414268004,0.1811928585731995,0.9473684210526316,0.8684210526315789,0.3708581299541683,0.6291418700458318,8.0,15,Computer & Mathematical,Q4 (high),1
15-1253,Software Quality Assurance Analysts and Testers,0.5195,0.201485431592484,0.318014568407516,0.9473684210526316,0.8771929824561403,0.3878449116313456,0.6121550883686545,136.0,15,Computer & Mathematical,Q4 (high),1
15-1254,Web Developers,0.4802,0.1878704544947993,0.2923295455052007,1.0,0.9326923076923076,0.3912337661282785,0.6087662338717215,24.0,15,Computer & Mathematical,Q4 (high),1
15-1255,Web and Digital Interface Designers,0.249,0.0970096150314402,0.1519903849685597,1.0,0.75,0.3895968475158242,0.6104031524841758,150.0,15,Computer & Mathematical,Q3,1
15-1299,"Computer Occupations, All Other",0.3106,0.120917780921077,0.1896822190789229,0.994949494949495,0.7357861863332168,0.389303866455496,0.610696133544504,128.0,15,Computer & Mathematical,Q4 (high),1
15-2011,Actuaries,0.0539,0.0116502604166666,0.0422497395833333,1.0,0.5,0.2161458333333333,0.7838541666666666,4.0,15,Computer & Mathematical,Q2,0
15-2021,Mathematicians,0.4241,0.1659525285447315,0.2581474714552684,1.0,1.0,0.3913051840243611,0.6086948159756388,9.0,15,Computer & Mathematical,Q4 (high),1
15-2031,Operations Research Analysts,0.4288,0.1659894938803219,0.2628105061196781,1.0,0.6290322580645161,0.3871023644597058,0.6128976355402942,7.0,15,Computer & Mathematical,Q4 (high),1
15-2041,Statisticians,0.2107,0.0790560996281276,0.1316439003718724,1.0,0.7247368421052631,0.3752069275184035,0.6247930724815965,26.0,15,Computer & Mathematical,Q3,1
15-2051,Data Scientists,0.4605,,,1.0,0.6948232323232323,,,,15,Computer & Mathematical,Q4 (high),1
15-2099,"Mathematical Science Occupations, All Other",0.4793,,,0.9666666666666668,0.8666666666666667,,,,15,Computer & Mathematical,Q4 (high),1
17-1011,"Architects, Except Landscape and Naval",0.0784,0.0281019573200263,0.0502980426799736,0.9069767441860463,0.4883720930232558,0.3584433331636018,0.6415566668363981,9.0,17,Architecture & Engineering,Q2,0
17-1012,Landscape Architects,0.0,0.0,0.0,0.8421052631578947,0.4210526315789473,,,4.0,17,Architecture & Engineering,Q0 (none),0
17-1021,Cartographers and Photogrammetrists,0.08,0.0529032258064516,0.0270967741935483,1.0,0.52,0.6612903225806451,0.3387096774193547,3.0,17,Architecture & Engineering,Q2,0
17-1022,Surveyors,0.0022,0.00088,0.00132,0.8708333333333333,0.5100694444444445,0.3999999999999999,0.6,3.0,17,Architecture & Engineering,Q1 (low),0
17-2011,Aerospace Engineers,0.0753,0.03396992481203,0.0413300751879699,0.9285714285714284,0.5714285714285714,0.4511278195488721,0.5488721804511278,2.0,17,Architecture & Engineering,Q2,0
17-2021,Agricultural Engineers,0.0,0.0,0.0,0.7777777777777777,0.4259259259259259,,,2.0,17,Architecture & Engineering,Q0 (none),0
17-2031,Bioengineers and Biomedical Engineers,0.1328,0.0,0.1328,0.9487179487179488,0.5897435897435898,0.0,1.0,4.0,17,Architecture & Engineering,Q3,1
17-2041,Chemical Engineers,0.0,0.0,0.0,0.8461538461538463,0.4615384615384615,,,3.0,17,Architecture & Engineering,Q0 (none),0
17-2051,Civil Engineers,0.0081,,,0.9086580086580086,0.4821428571428571,,,9.0,17,Architecture & Engineering,Q1 (low),0
17-2061,Computer Hardware Engineers,0.1453,0.0554614524474474,0.0898385475525526,0.9090909090909092,0.7272727272727273,0.3817030450615787,0.6182969549384213,5.0,17,Architecture & Engineering,Q3,1
17-2071,Electrical Engineers,0.059,0.014206804081442,0.0447931959185579,0.84375,0.5625,0.2407932895159674,0.7592067104840325,9.0,17,Architecture & Engineering,Q2,0
17-2072,"Electronics Engineers, Except Computer",0.0999,0.0308334154698901,0.0690665845301098,0.8788515406162465,0.6200980392156863,0.3086427974963982,0.6913572025036019,13.0,17,Architecture & Engineering,Q2,1
17-2081,Environmental Engineers,0.0358,0.0173885714285714,0.0184114285714285,0.9814814814814814,0.5555555555555556,0.4857142857142857,0.5142857142857142,12.0,17,Architecture & Engineering,Q1 (low),0
17-2111,"Health and Safety Engineers, Except Mining Safety Engineers and Inspectors",0.0,0.0,0.0,0.91,0.5042307692307693,,,3.0,17,Architecture & Engineering,Q0 (none),0
17-2112,Industrial Engineers,0.0367,0.0123791386949304,0.0243208613050695,0.9249138804457954,0.554355036527489,0.3373062314694952,0.6626937685305048,7.0,17,Architecture & Engineering,Q1 (low),0
17-2121,Marine Engineers and Naval Architects,0.0358,0.0179,0.0179,0.7368421052631579,0.4210526315789473,0.5,0.5,5.0,17,Architecture & Engineering,Q1 (low),0
17-2131,Materials Engineers,0.0,0.0,0.0,0.8292682926829269,0.4878048780487805,,,,17,Architecture & Engineering,Q0 (none),0
17-2141,Mechanical Engineers,0.0813,0.0290935471588011,0.0522064528411988,0.8564037087703298,0.5312935096519228,0.3578542085953398,0.6421457914046601,12.0,17,Architecture & Engineering,Q2,0
17-2151,"Mining and Geological Engineers, Including Mining Safety Engineers",0.0,0.0,0.0,0.8518518518518519,0.4814814814814814,,,,17,Architecture & Engineering,Q0 (none),0
17-2161,Nuclear Engineers,0.0,0.0,0.0,0.8500000000000001,0.55,,,3.0,17,Architecture & Engineering,Q0 (none),0
17-2171,Petroleum Engineers,0.0,0.0,0.0,0.8888888888888888,0.5277777777777778,,,2.0,17,Architecture & Engineering,Q0 (none),0
17-2199,"Engineers, All Other",0.0659,0.0229971070533134,0.0429028929466865,0.8478464810043758,0.5226496200276688,0.3489697580168957,0.6510302419831042,58.0,17,Architecture & Engineering,Q2,0
17-3011,Architectural and Civil Drafters,0.0,0.0,0.0,0.96,0.54,,,4.0,17,Architecture & Engineering,Q0 (none),0
17-3012,Electrical and Electronics Drafters,0.0889,0.0570555597105261,0.0318444402894738,0.9574468085106382,0.5744680851063829,0.6417948223906208,0.3582051776093792,5.0,17,Architecture & Engineering,Q2,0
17-3013,Mechanical Drafters,0.0,0.0,0.0,0.9310344827586208,0.5,,,3.0,17,Architecture & Engineering,Q0 (none),0
17-3021,Aerospace Engineering and Operations Technologists and Technicians,0.0,0.0,0.0,0.55,0.325,,,,17,Architecture & Engineering,Q0 (none),0
17-3022,Civil Engineering Technologists and Technicians,0.0776,0.0344996264009962,0.0431003735990037,1.0,0.5909090909090909,0.4445828144458281,0.5554171855541717,3.0,17,Architecture & Engineering,Q2,0
17-3023,Electrical and Electronic Engineering Technologists and Technicians,0.0202,0.0069991228070175,0.0132008771929824,0.6226415094339622,0.4056603773584905,0.3464912280701754,0.6535087719298246,5.0,17,Architecture & Engineering,Q1 (low),0
17-3024,Electro-Mechanical and Mechatronics Technologists and Technicians,0.0,0.0,0.0,0.5182926829268293,0.3873555840821566,,,8.0,17,Architecture & Engineering,Q0 (none),0
17-3025,Environmental Engineering Technologists and Technicians,0.1029,0.1029,0.0,0.7105263157894737,0.4078947368421052,1.0,0.0,3.0,17,Architecture & Engineering,Q2,1
17-3026,Industrial Engineering Technologists and Technicians,0.0,0.0,0.0,0.66548463356974,0.41903073286052,,,,17,Architecture & Engineering,Q0 (none),0
17-3027,Mechanical Engineering Technologists and Technicians,0.0683,0.024412642625573,0.0438873573744269,0.6479591836734693,0.3786848072562357,0.3574325421020947,0.6425674578979055,7.0,17,Architecture & Engineering,Q2,0
17-3029,"Engineering Technologists and Technicians, Except Drafters, All Other",0.0,0.0,0.0,0.4819923371647509,0.2687739463601531,,,24.0,17,Architecture & Engineering,Q0 (none),0
17-3031,Surveying and Mapping Technicians,0.0,0.0,0.0,0.9148936170212766,0.5,,,1.0,17,Architecture & Engineering,Q0 (none),0
19-1011,Animal Scientists,0.0,0.0,0.0,0.9375,0.53125,,,4.0,19,"Life, Physical, & Social Science",Q0 (none),0
19-1012,Food Scientists and Technologists,0.0,0.0,0.0,0.6923076923076923,0.3461538461538461,,,5.0,19,"Life, Physical, & Social Science",Q0 (none),0
19-1013,Soil and Plant Scientists,0.0513,0.0023154872765481,0.0489845127234518,0.9782608695652174,0.4891304347826087,0.0451362042212119,0.954863795778788,6.0,19,"Life, Physical, & Social Science",Q2,0
19-1021,Biochemists and Biophysicists,0.0756,0.0189612288411298,0.0566387711588701,0.7727272727272727,0.4545454545454546,0.2508099053059503,0.7491900946940497,10.0,19,"Life, Physical, & Social Science",Q2,0
19-1022,Microbiologists,0.0969,0.0253785714285714,0.0715214285714285,0.7083333333333333,0.3958333333333333,0.2619047619047619,0.7380952380952381,4.0,19,"Life, Physical, & Social Science",Q2,1
19-1023,Zoologists and Wildlife Biologists,0.0606,0.0190158620689655,0.0415841379310344,0.8095238095238095,0.4523809523809523,0.3137931034482758,0.6862068965517242,4.0,19,"Life, Physical, & Social Science",Q2,0
19-1029,"Biological Scientists, All Other",0.2452,0.0942861910465695,0.1509138089534304,0.8458843548763805,0.5492120286984489,0.3845276959484892,0.6154723040515107,30.0,19,"Life, Physical, & Social Science",Q3,1
19-1031,Conservation Scientists,0.0,0.0,0.0,0.818275704005611,0.4394408823058358,,,5.0,19,"Life, Physical, & Social Science",Q0 (none),0
19-1032,Foresters,0.0,0.0,0.0,0.7352941176470588,0.3676470588235294,,,,19,"Life, Physical, & Social Science",Q0 (none),0
19-1041,Epidemiologists,0.0,0.0,0.0,0.8846153846153847,0.4423076923076923,0.0338409475465313,0.9661590524534688,5.0,19,"Life, Physical, & Social Science",Q0 (none),0
19-1042,"Medical Scientists, Except Epidemiologists",0.0381,0.0,0.0381,0.8636363636363636,0.5227272727272727,0.0,1.0,7.0,19,"Life, Physical, & Social Science",Q1 (low),0
19-2011,Astronomers,0.3849,0.1190398548376263,0.2658601451623736,0.8125,0.4375,0.3092747592559791,0.690725240744021,9.0,19,"Life, Physical, & Social Science",Q4 (high),1
19-2012,Physicists,0.2727,0.1373244044064284,0.1353755955935715,0.9545454545454546,0.75,0.5035731734742519,0.4964268265257481,3.0,19,"Life, Physical, & Social Science",Q4 (high),1
19-2021,Atmospheric and Space Scientists,0.038,0.0184242424242424,0.0195757575757575,0.9565217391304348,0.5652173913043478,0.4848484848484848,0.5151515151515151,10.0,19,"Life, Physical, & Social Science",Q1 (low),0
19-2031,Chemists,0.2614,0.0858149209301533,0.1755850790698467,0.68,0.38,0.3282896745606476,0.6717103254393524,7.0,19,"Life, Physical, & Social Science",Q4 (high),1
19-2032,Materials Scientists,0.1843,0.0578511082190629,0.126448891780937,0.8275862068965517,0.4827586206896551,0.3138964092190066,0.6861035907809934,5.0,19,"Life, Physical, & Social Science",Q3,1
19-2041,"Environmental Scientists and Specialists, Including Health",0.0548,0.0204201253692656,0.0343798746307343,0.9810659186535764,0.5217162952137376,0.3726300249865989,0.6273699750134012,19.0,19,"Life, Physical, & Social Science",Q2,0
19-2042,"Geoscientists, Except Hydrologists and Geographers",0.043,0.0103741258741258,0.0326258741258741,0.8222222222222223,0.4666666666666667,0.2412587412587412,0.7587412587412588,5.0,19,"Life, Physical, & Social Science",Q1 (low),0
19-2043,Hydrologists,0.0748,0.0250973684210526,0.0497026315789473,0.875,0.5,0.3355263157894737,0.6644736842105263,5.0,19,"Life, Physical, & Social Science",Q2,0
19-2099,"Physical Scientists, All Other",0.0379,0.0262384615384615,0.0116615384615384,0.9130434782608696,0.4565217391304347,0.6923076923076924,0.3076923076923076,2.0,19,"Life, Physical, & Social Science",Q1 (low),0
19-3011,Economists,0.2418,0.0656747755761757,0.1761252244238242,1.0,0.5526315789473684,0.2716078394382785,0.7283921605617215,11.0,19,"Life, Physical, & Social Science",Q3,1
19-3022,Survey Researchers,0.4316,0.1944073778496188,0.2371926221503811,1.0,0.625,0.4504341470102383,0.5495658529897616,6.0,19,"Life, Physical, & Social Science",Q4 (high),1
19-3032,Industrial-Organizational Psychologists,0.1577,0.0367830294601213,0.1209169705398786,0.888888888888889,0.4888888888888889,0.2332468577052716,0.7667531422947285,10.0,19,"Life, Physical, & Social Science",Q3,1
19-3033,Clinical and Counseling Psychologists,0.0591,0.0125331635008656,0.0465668364991343,0.6481481481481481,0.3703703703703703,0.212067064312448,0.7879329356875518,12.0,19,"Life, Physical, & Social Science",Q2,0
19-3034,School Psychologists,0.0467,0.0099035319033913,0.0367964680966086,0.7837837837837838,0.3918918918918919,0.212067064312448,0.7879329356875518,12.0,19,"Life, Physical, & Social Science",Q2,0
19-3039,"Psychologists, All Other",0.0,0.0,0.0,0.8452380952380951,0.4543650793650793,,,3.0,19,"Life, Physical, & Social Science",Q0 (none),0
19-3041,Sociologists,0.3833,0.1558214391574837,0.2274785608425162,0.9230769230769232,0.5384615384615385,0.4065260609378651,0.5934739390621349,7.0,19,"Life, Physical, & Social Science",Q4 (high),1
19-3051,Urban and Regional Planners,0.0959,,,0.9545454545454546,0.4772727272727273,,,6.0,19,"Life, Physical, & Social Science",Q2,1
19-3091,Anthropologists and Archeologists,0.1354,0.0682994231311498,0.0671005768688501,0.8275862068965517,0.4396551724137931,0.5044270541443856,0.4955729458556143,13.0,19,"Life, Physical, & Social Science",Q3,1
19-3092,Geographers,0.1096,0.0375342465753424,0.0720657534246575,0.8333333333333333,0.4999999999999999,0.3424657534246575,0.6575342465753424,4.0,19,"Life, Physical, & Social Science",Q2,1
19-3093,Historians,0.028,0.0117681159420289,0.016231884057971,0.8421052631578947,0.4736842105263157,0.4202898550724638,0.5797101449275363,16.0,19,"Life, Physical, & Social Science",Q1 (low),0
19-3094,Political Scientists,0.452,0.1112401097332328,0.3407598902667672,0.9166666666666666,0.4791666666666666,0.2461064374629045,0.7538935625370955,7.0,19,"Life, Physical, & Social Science",Q4 (high),1
19-3099,"Social Scientists and Related Workers, All Other",0.0327,0.0133654761904761,0.0193345238095238,0.9534883720930232,0.5232558139534884,0.4087301587301587,0.5912698412698413,8.0,19,"Life, Physical, & Social Science",Q1 (low),0
19-4012,Agricultural Technicians,0.0058,0.0023593745921192,0.0034406254078807,0.6767676767676768,0.4097222222222222,0.4067887227791737,0.5932112772208263,8.0,19,"Life, Physical, & Social Science",Q1 (low),0
19-4013,Food Science Technicians,0.2038,0.0829035417023956,0.1208964582976044,0.4285714285714285,0.3571428571428571,0.4067887227791737,0.5932112772208263,8.0,19,"Life, Physical, & Social Science",Q3,1
19-4021,Biological Technicians,0.0599,0.0181822804314329,0.041717719568567,0.6333333333333333,0.4166666666666666,0.3035439137134053,0.6964560862865947,7.0,19,"Life, Physical, & Social Science",Q2,0
19-4031,Chemical Technicians,0.3148,0.1303102662042212,0.1844897337957787,0.6428571428571428,0.3928571428571428,0.4139462077643623,0.5860537922356377,7.0,19,"Life, Physical, & Social Science",Q4 (high),1
19-4042,"Environmental Science and Protection Technicians, Including Health",0.1444,0.1095801418439716,0.0348198581560283,0.6666666666666667,0.4555555555555556,0.7588652482269503,0.2411347517730496,6.0,19,"Life, Physical, & Social Science",Q3,1
19-4043,"Geological Technicians, Except Hydrologic Technicians",0.229,0.1830621725675577,0.0459378274324423,0.7317073170731707,0.3902439024390244,0.7993981334827848,0.2006018665172153,5.0,19,"Life, Physical, & Social Science",Q3,1
19-4051,Nuclear Technicians,0.0,0.0,0.0,0.2586580086580086,0.185064935064935,,,4.0,19,"Life, Physical, & Social Science",Q0 (none),0
19-4061,Social Science Research Assistants,0.4393,0.1763175852793332,0.2629824147206668,0.9090909090909092,0.6666666666666667,0.4013603124956367,0.5986396875043632,11.0,19,"Life, Physical, & Social Science",Q4 (high),1
19-4071,Forest and Conservation Technicians,0.0221,0.0096065315315315,0.0124934684684684,0.576923076923077,0.3269230769230769,0.4346846846846847,0.5653153153153153,1.0,19,"Life, Physical, & Social Science",Q1 (low),0
19-4092,Forensic Science Technicians,0.0,0.0,0.0,0.7096774193548387,0.3870967741935484,,,2.0,19,"Life, Physical, & Social Science",Q0 (none),0
19-4099,"Life, Physical, and Social Science Technicians, All Other",0.0955,0.0450705705438454,0.0504294294561545,0.9148936170212766,0.5348318462594372,0.4719431470559734,0.5280568529440265,9.0,19,"Life, Physical, & Social Science",Q2,0
19-5011,Occupational Health and Safety Specialists,0.0,0.0,0.0,0.6190476190476191,0.3333333333333333,,,,19,"Life, Physical, & Social Science",Q0 (none),0
19-5012,Occupational Health and Safety Technicians,0.0,0.0,0.0,0.6666666666666666,0.3958333333333333,,,2.0,19,"Life, Physical, & Social Science",Q0 (none),0
21-1012,"Educational, Guidance, and Career Counselors and Advisors",0.1182,0.0400814108100008,0.0781185891899991,0.5263157894736842,0.2894736842105263,0.3390982302030525,0.6609017697969474,9.0,21,Community & Social Service,Q3,1
21-1013,Marriage and Family Therapists,0.0,0.0,0.0,0.1481481481481481,0.1111111111111111,,,6.0,21,Community & Social Service,Q0 (none),0
21-1015,Rehabilitation Counselors,0.0,0.0,0.0,0.6451612903225806,0.3548387096774194,,,1.0,21,Community & Social Service,Q0 (none),0
21-1021,"Child, Family, and School Social Workers",0.0074,0.0,0.0074,0.4285714285714285,0.2428571428571428,0.0,1.0,3.0,21,Community & Social Service,Q1 (low),0
21-1022,Healthcare Social Workers,0.0916,,,0.65625,0.34375,,,5.0,21,Community & Social Service,Q2,0
21-1023,Mental Health and Substance Abuse Social Workers,0.0,0.0,0.0,0.5416666666666666,0.2708333333333333,0.5,0.5,3.0,21,Community & Social Service,Q0 (none),0
21-1091,Health Education Specialists,0.1376,0.072745439698143,0.0648545603018569,0.8064516129032258,0.532258064516129,0.5286732536202257,0.4713267463797743,3.0,21,Community & Social Service,Q3,1
21-1092,Probation Officers and Correctional Treatment Specialists,0.0,0.0,0.0,0.631578947368421,0.3947368421052631,,,,21,Community & Social Service,Q0 (none),0
21-1093,Social and Human Service Assistants,0.0,0.0,0.0,0.5714285714285714,0.3928571428571428,,,4.0,21,Community & Social Service,Q0 (none),0
21-1094,Community Health Workers,0.0,0.0,0.0,0.5555555555555556,0.3194444444444444,,,4.0,21,Community & Social Service,Q0 (none),0
21-2011,Clergy,0.1116,0.0451264328993121,0.0664735671006879,0.4761904761904761,0.3333333333333333,0.4043587177357715,0.5956412822642285,9.0,21,Community & Social Service,Q3,1
21-2021,"Directors, Religious Activities and Education",0.153,0.0622776889763997,0.0907223110236002,0.7272727272727273,0.4393939393939394,0.4070437187999982,0.5929562812000018,7.0,21,Community & Social Service,Q3,1
23-1011,Lawyers,0.1673,0.0414847045294091,0.1258152954705909,0.8500000000000001,0.425,0.2479659565415966,0.7520340434584034,5.0,23,Legal,Q3,1
23-1012,Judicial Law Clerks,0.1704,0.0790036363636363,0.0913963636363636,0.896551724137931,0.5172413793103449,0.4636363636363637,0.5363636363636364,5.0,23,Legal,Q3,1
23-1021,"Administrative Law Judges, Adjudicators, and Hearing Officers",0.3048,0.1210490194455345,0.1837509805544654,0.8461538461538463,0.5,0.3971424522491291,0.6028575477508709,4.0,23,Legal,Q4 (high),1
23-1022,"Arbitrators, Mediators, and Conciliators",0.2426,0.076709817660754,0.1658901823392459,0.9032258064516128,0.5,0.3161987537541386,0.6838012462458614,8.0,23,Legal,Q3,1
23-1023,"Judges, Magistrate Judges, and Magistrates",0.3109,0.1595004067091831,0.1513995932908168,0.8333333333333333,0.4166666666666666,0.5130280048542398,0.48697199514576,5.0,23,Legal,Q4 (high),1
23-2011,Paralegals and Legal Assistants,0.2927,0.1980210801293489,0.094678919870651,0.8500000000000001,0.525,0.6765325593759787,0.3234674406240213,2.0,23,Legal,Q4 (high),1
23-2093,"Title Examiners, Abstractors, and Searchers",0.0216,0.01134,0.01026,0.9285714285714284,0.5714285714285714,0.5249999999999999,0.475,1.0,23,Legal,Q1 (low),0
25-1011,"Business Teachers, Postsecondary",0.3072,0.1301754832721423,0.1770245167278576,0.7954545454545455,0.4886363636363636,0.4237483179431718,0.5762516820568282,14.0,25,Educational Instruction & Library,Q4 (high),1
25-1021,"Computer Science Teachers, Postsecondary",0.2414,0.1037573122780449,0.1376426877219551,0.8571428571428571,0.5119047619047619,0.4298148810192416,0.5701851189807584,17.0,25,Educational Instruction & Library,Q3,1
25-1022,"Mathematical Science Teachers, Postsecondary",0.4305,0.1861636988967721,0.2443363011032279,0.7837837837837838,0.5405405405405406,0.4324360020830943,0.5675639979169057,15.0,25,Educational Instruction & Library,Q4 (high),1
25-1031,"Architecture Teachers, Postsecondary",0.0,0.0,0.0,0.7804878048780488,0.4878048780487805,0.38469151411677,0.61530848588323,15.0,25,Educational Instruction & Library,Q0 (none),0
25-1032,"Engineering Teachers, Postsecondary",0.3589,0.1406012479068476,0.2182987520931523,0.8571428571428571,0.5,0.3917560543517627,0.6082439456482372,15.0,25,Educational Instruction & Library,Q4 (high),1
25-1041,"Agricultural Sciences Teachers, Postsecondary",0.0,0.0,0.0,0.7777777777777778,0.5,0.4216526991572142,0.5783473008427858,16.0,25,Educational Instruction & Library,Q0 (none),0
25-1042,"Biological Science Teachers, Postsecondary",0.2914,0.1140010087343822,0.1773989912656177,0.7959183673469387,0.4693877551020408,0.3912182866656906,0.6087817133343093,17.0,25,Educational Instruction & Library,Q4 (high),1
25-1043,"Forestry and Conservation Science Teachers, Postsecondary",0.0206,0.008068423419246,0.0125315765807539,0.7608695652173912,0.4782608695652174,0.3916710397692242,0.6083289602307758,17.0,25,Educational Instruction & Library,Q1 (low),0
25-1051,"Atmospheric, Earth, Marine, and Space Sciences Teachers, Postsecondary",0.0396,0.0140695547500726,0.0255304452499273,0.775,0.475,0.3552917866179961,0.6447082133820038,17.0,25,Educational Instruction & Library,Q1 (low),0
25-1052,"Chemistry Teachers, Postsecondary",0.2185,0.0759382882455504,0.1425617117544495,0.6862745098039216,0.4313725490196078,0.3475436532977138,0.6524563467022862,15.0,25,Educational Instruction & Library,Q3,1
25-1053,"Environmental Science Teachers, Postsecondary",0.0232,0.009271970235562,0.0139280297644379,0.7826086956521738,0.5217391304347826,0.3996538894638832,0.6003461105361169,17.0,25,Educational Instruction & Library,Q1 (low),0
25-1054,"Physics Teachers, Postsecondary",0.0,0.0,0.0,0.7209302325581395,0.4186046511627906,0.3950734486784269,0.604926551321573,16.0,25,Educational Instruction & Library,Q0 (none),0
25-1061,"Anthropology and Archeology Teachers, Postsecondary",0.0236,0.0096299975423543,0.0139700024576457,0.7551020408163265,0.520408163265306,0.4080507433200975,0.5919492566799025,16.0,25,Educational Instruction & Library,Q1 (low),0
25-1062,"Area, Ethnic, and Cultural Studies Teachers, Postsecondary",0.0,0.0,0.0,0.7777777777777778,0.5,0.4082002357033104,0.5917997642966896,15.0,25,Educational Instruction & Library,Q0 (none),0
25-1063,"Economics Teachers, Postsecondary",0.0,0.0,0.0,0.8048780487804879,0.475609756097561,0.4029132532437338,0.5970867467562662,15.0,25,Educational Instruction & Library,Q0 (none),0
25-1064,"Geography Teachers, Postsecondary",0.0,0.0,0.0,0.7727272727272727,0.4772727272727273,0.4029132532437338,0.5970867467562662,16.0,25,Educational Instruction & Library,Q0 (none),0
25-1065,"Political Science Teachers, Postsecondary",0.0,0.0,0.0,0.7804878048780488,0.475609756097561,0.4029132532437338,0.5970867467562662,16.0,25,Educational Instruction & Library,Q0 (none),0
25-1066,"Psychology Teachers, Postsecondary",0.3219,0.1255390398473845,0.1963609601526155,0.8,0.48,0.3899939106784233,0.6100060893215767,18.0,25,Educational Instruction & Library,Q4 (high),1
25-1067,"Sociology Teachers, Postsecondary",0.0,0.0,0.0,0.7272727272727273,0.4318181818181818,0.4029132532437338,0.5970867467562662,16.0,25,Educational Instruction & Library,Q0 (none),0
25-1071,"Health Specialties Teachers, Postsecondary",0.3045,0.1226870856127169,0.181812914387283,0.8250000000000001,0.475,0.4029132532437338,0.5970867467562662,15.0,25,Educational Instruction & Library,Q4 (high),1
25-1072,"Nursing Instructors and Teachers, Postsecondary",0.1909,0.0733688706151385,0.1175311293848614,0.6470588235294118,0.4019607843137255,0.3843314332904063,0.6156685667095936,15.0,25,Educational Instruction & Library,Q3,1
25-1081,"Education Teachers, Postsecondary",0.2621,0.1056035636751826,0.1564964363248173,0.8095238095238095,0.4880952380952381,0.4029132532437338,0.5970867467562662,17.0,25,Educational Instruction & Library,Q4 (high),1
25-1082,"Library Science Teachers, Postsecondary",0.018,0.0069916578770125,0.0110083421229874,0.8085106382978723,0.5106382978723404,0.3884254376118067,0.6115745623881933,17.0,25,Educational Instruction & Library,Q1 (low),0
25-1111,"Criminal Justice and Law Enforcement Teachers, Postsecondary",0.0,0.0,0.0,0.775,0.5,0.4029132532437338,0.5970867467562662,15.0,25,Educational Instruction & Library,Q0 (none),0
25-1112,"Law Teachers, Postsecondary",0.0,0.0,0.0,0.775,0.45,0.396136900433962,0.603863099566038,15.0,25,Educational Instruction & Library,Q0 (none),0
25-1113,"Social Work Teachers, Postsecondary",0.0,0.0,0.0,0.6818181818181819,0.4204545454545454,0.4029132532437338,0.5970867467562662,15.0,25,Educational Instruction & Library,Q0 (none),0
25-1121,"Art, Drama, and Music Teachers, Postsecondary",0.2142,0.0857693935450842,0.1284306064549157,0.75,0.4375,0.4004173368117844,0.5995826631882156,17.0,25,Educational Instruction & Library,Q3,1
25-1122,"Communications Teachers, Postsecondary",0.2111,0.090768228032149,0.1203317719678509,0.7250000000000001,0.425,0.4299773947520087,0.5700226052479913,15.0,25,Educational Instruction & Library,Q3,1
25-1123,"English Language and Literature Teachers, Postsecondary",0.3618,0.1358065647596012,0.2259934352403988,0.8035714285714285,0.5267857142857143,0.3753636394682178,0.6246363605317823,21.0,25,Educational Instruction & Library,Q4 (high),1
25-1124,"Foreign Language and Literature Teachers, Postsecondary",0.2403,0.0994689568539728,0.1408310431460271,0.8,0.5333333333333333,0.4139365661838237,0.5860634338161763,15.0,25,Educational Instruction & Library,Q3,1
25-1125,"History Teachers, Postsecondary",0.0994,0.0400337639917825,0.0593662360082174,0.8,0.5111111111111112,0.4027541649072687,0.5972458350927312,17.0,25,Educational Instruction & Library,Q2,1
25-1126,"Philosophy and Religion Teachers, Postsecondary",0.2197,0.0813871656365135,0.1383128343634864,0.7727272727272727,0.5113636363636364,0.3704468167342447,0.6295531832657553,17.0,25,Educational Instruction & Library,Q3,1
25-1192,"Family and Consumer Sciences Teachers, Postsecondary",0.0,0.0,0.0,0.875,0.5375,0.409717997542256,0.5902820024577439,15.0,25,Educational Instruction & Library,Q0 (none),0
25-1193,"Recreation and Fitness Studies Teachers, Postsecondary",0.1138,0.0433946640742246,0.0704053359257753,0.8372093023255813,0.5581395348837209,0.3813239373833447,0.6186760626166554,16.0,25,Educational Instruction & Library,Q3,1
25-1194,"Career/Technical Education Teachers, Postsecondary",0.1563,0.0660990509836098,0.0902009490163901,0.8461538461538461,0.4871794871794871,0.422898598743505,0.5771014012564951,5.0,25,Educational Instruction & Library,Q3,1
25-2011,"Preschool Teachers, Except Special Education",0.0,0.0,0.0,0.3939393939393939,0.2272727272727273,0.3607476478333193,0.6392523521666807,11.0,25,Educational Instruction & Library,Q0 (none),0
25-2012,"Kindergarten Teachers, Except Special Education",0.0,0.0,0.0,0.410958904109589,0.2328767123287671,0.5396972995560484,0.4603027004439515,11.0,25,Educational Instruction & Library,Q0 (none),0
25-2021,"Elementary School Teachers, Except Special Education",0.103,0.0584606164840358,0.0445393835159641,0.5675675675675675,0.3108108108108108,0.5675788008158823,0.4324211991841177,15.0,25,Educational Instruction & Library,Q2,1
25-2022,"Middle School Teachers, Except Special and Career/Technical Education",0.2972,0.1554771325500671,0.1417228674499328,0.6231884057971014,0.3478260869565217,0.5231397461307777,0.4768602538692222,16.0,25,Educational Instruction & Library,Q4 (high),1
25-2023,"Career/Technical Education Teachers, Middle School",0.0,0.0,0.0,0.4516129032258064,0.3225806451612903,0.5732098212265548,0.4267901787734452,14.0,25,Educational Instruction & Library,Q0 (none),0
25-2031,"Secondary School Teachers, Except Special and Career/Technical Education",0.2901,0.1512122472404069,0.1388877527595931,0.6349206349206349,0.3333333333333333,0.521241803655315,0.4787581963446851,16.0,25,Educational Instruction & Library,Q4 (high),1
25-2032,"Career/Technical Education Teachers, Secondary School",0.0,0.0,0.0,0.5151515151515151,0.3333333333333333,0.6306924740920394,0.3693075259079605,14.0,25,Educational Instruction & Library,Q0 (none),0
25-2051,"Special Education Teachers, Preschool",0.0058,0.0035067864799567,0.0022932135200432,0.2857142857142857,0.1999999999999999,0.6046183586132406,0.3953816413867593,8.0,25,Educational Instruction & Library,Q1 (low),0
25-2057,"Special Education Teachers, Middle School",0.134,0.074567471664841,0.0594325283351589,0.5324675324675325,0.3051948051948052,0.556473669140605,0.4435263308593949,13.0,25,Educational Instruction & Library,Q3,1
25-2058,"Special Education Teachers, Secondary School",0.0989,0.0553975101265569,0.043502489873443,0.5,0.3012820512820512,0.5601366039085636,0.4398633960914364,13.0,25,Educational Instruction & Library,Q2,1
25-2059,"Special Education Teachers, All Other",0.0257,0.01285,0.01285,0.65,0.475,0.5,0.5,3.0,25,Educational Instruction & Library,Q1 (low),0
25-3011,"Adult Basic Education, Adult Secondary Education, and English as a Second Language Instructors",0.0636,0.0270593883617422,0.0365406116382577,0.6323529411764706,0.4044117647058823,0.4254620811594697,0.5745379188405302,19.0,25,Educational Instruction & Library,Q2,0
25-3021,Self-Enrichment Teachers,0.0662,0.0320316433355186,0.0341683566644813,0.56,0.36,0.4838616818054178,0.5161383181945823,11.0,25,Educational Instruction & Library,Q2,0
25-3041,Tutors,0.4077,0.1640752427519089,0.243624757248091,0.9142857142857144,0.5428571428571428,0.4024411154081651,0.5975588845918348,9.0,25,Educational Instruction & Library,Q4 (high),1
25-4011,Archivists,0.1348,0.0693487828873883,0.0654512171126116,0.9230769230769232,0.5,0.5144568463456108,0.4855431536543891,9.0,25,Educational Instruction & Library,Q3,1
25-4012,Curators,0.4123,0.1312513622200039,0.2810486377799961,0.8518518518518519,0.5,0.3183394669415568,0.6816605330584431,6.0,25,Educational Instruction & Library,Q4 (high),1
25-4013,Museum Technicians and Conservators,0.0,0.0,0.0,0.4210526315789473,0.2368421052631578,,,8.0,25,Educational Instruction & Library,Q0 (none),0
25-4022,Librarians and Media Collections Specialists,0.2032,0.0770286541921571,0.1261713458078429,0.912280701754386,0.5350877192982456,0.3790780225991985,0.6209219774008017,9.0,25,Educational Instruction & Library,Q3,1
25-4031,Library Technicians,0.054,0.02173217698712,0.0322678230128799,0.75,0.5673076923076923,0.4024477219837041,0.5975522780162958,11.0,25,Educational Instruction & Library,Q2,0
25-9021,Farm and Home Management Educators,0.0,0.0,0.0,0.6666666666666666,0.3703703703703703,,,6.0,25,Educational Instruction & Library,Q0 (none),0
25-9031,Instructional Coordinators,0.3043,0.1251031160982924,0.1791968839017076,0.8,0.4875,0.4111176999615261,0.5888823000384739,18.0,25,Educational Instruction & Library,Q4 (high),1
25-9044,"Teaching Assistants, Postsecondary",0.1002,0.0657191399712319,0.0344808600287681,0.7272727272727273,0.5303030303030303,0.6558796404314562,0.3441203595685439,5.0,25,Educational Instruction & Library,Q2,1
27-1011,Art Directors,0.2098,0.0943182504781793,0.1154817495218206,0.9310344827586208,0.5,0.4495626810208739,0.5504373189791262,6.0,27,"Arts, Design, Entertainment, Sports, & Media",Q3,1
27-1012,Craft Artists,0.0539,0.019819730941704,0.0340802690582959,0.5172413793103449,0.2586206896551724,0.367713004484305,0.632286995515695,6.0,27,"Arts, Design, Entertainment, Sports, & Media",Q2,0
27-1013,"Fine Artists, Including Painters, Sculptors, and Illustrators",0.3565,0.1668949249295561,0.1896050750704438,0.8500000000000001,0.425,0.468148457025403,0.5318515429745969,15.0,27,"Arts, Design, Entertainment, Sports, & Media",Q4 (high),1
27-1014,Special Effects Artists and Animators,0.3571,0.1688489122378651,0.1882510877621348,1.0,0.525,0.4728336943093396,0.5271663056906604,6.0,27,"Arts, Design, Entertainment, Sports, & Media",Q4 (high),1
27-1021,Commercial and Industrial Designers,0.0437,0.011346415621717,0.0323535843782829,0.9310344827586208,0.4655172413793103,0.2596433780713292,0.7403566219286708,4.0,27,"Arts, Design, Entertainment, Sports, & Media",Q1 (low),0
27-1022,Fashion Designers,0.0568,0.0347707634224569,0.022029236577543,0.78125,0.390625,0.6121613278601582,0.3878386721398419,5.0,27,"Arts, Design, Entertainment, Sports, & Media",Q2,0
27-1023,Floral Designers,0.0,0.0,0.0,0.3333333333333333,0.1999999999999999,,,,27,"Arts, Design, Entertainment, Sports, & Media",Q0 (none),0
27-1024,Graphic Designers,0.3672,0.1733135645613905,0.1938864354386094,1.0,0.5,0.4719868315942008,0.5280131684057991,9.0,27,"Arts, Design, Entertainment, Sports, & Media",Q4 (high),1
27-1025,Interior Designers,0.0,0.0,0.0,1.0,0.5,,,3.0,27,"Arts, Design, Entertainment, Sports, & Media",Q0 (none),0
27-1026,Merchandise Displayers and Window Trimmers,0.0,0.0,0.0,0.6097560975609756,0.3048780487804878,,,2.0,27,"Arts, Design, Entertainment, Sports, & Media",Q0 (none),0
27-1027,Set and Exhibit Designers,0.0,0.0,0.0,0.7826086956521738,0.3913043478260869,,,,27,"Arts, Design, Entertainment, Sports, & Media",Q0 (none),0
27-2011,Actors,0.1011,0.0782523742518216,0.0228476257481783,0.21875,0.1875,0.7740096365165344,0.2259903634834655,8.0,27,"Arts, Design, Entertainment, Sports, & Media",Q2,1
27-2012,Producers and Directors,0.092,0.0428775807769103,0.0491224192230897,0.8453355155482816,0.4695853791598472,0.4660606606185902,0.5339393393814098,20.0,27,"Arts, Design, Entertainment, Sports, & Media",Q2,0
27-2021,Athletes and Sports Competitors,0.0,0.0,0.0,0.0,0.0,,,,27,"Arts, Design, Entertainment, Sports, & Media",Q0 (none),0
27-2022,Coaches and Scouts,0.0,0.0,0.0,0.5333333333333333,0.3,,,5.0,27,"Arts, Design, Entertainment, Sports, & Media",Q0 (none),0
27-2023,"Umpires, Referees, and Other Sports Officials",0.0,0.0,0.0,0.375,0.3125,,,1.0,27,"Arts, Design, Entertainment, Sports, & Media",Q0 (none),0
27-2031,Dancers,0.0,0.0,0.0,0.0416666666666666,0.0208333333333333,,,,27,"Arts, Design, Entertainment, Sports, & Media",Q0 (none),0
27-2032,Choreographers,0.0801,0.0481263812154696,0.0319736187845303,0.4857142857142857,0.2714285714285714,0.6008287292817681,0.3991712707182319,4.0,27,"Arts, Design, Entertainment, Sports, & Media",Q2,0
27-2041,Music Directors and Composers,0.0368,0.0167272727272727,0.0200727272727272,0.894736842105263,0.7105263157894737,0.4545454545454545,0.5454545454545455,10.0,27,"Arts, Design, Entertainment, Sports, & Media",Q1 (low),0
27-2042,Musicians and Singers,0.0,0.0,0.0,0.5714285714285714,0.4081632653061224,,,6.0,27,"Arts, Design, Entertainment, Sports, & Media",Q0 (none),0
27-3011,Broadcast Announcers and Radio Disc Jockeys,0.0634,0.0244811881188118,0.0389188118811881,0.9,0.65,0.3861386138613861,0.6138613861386139,4.0,27,"Arts, Design, Entertainment, Sports, & Media",Q2,0
27-3023,"News Analysts, Reporters, and Journalists",0.2098,0.0627268913672629,0.147073108632737,1.0,0.65,0.2989842295865726,0.7010157704134272,8.0,27,"Arts, Design, Entertainment, Sports, & Media",Q3,1
27-3031,Public Relations Specialists,0.453,0.1762716884920901,0.2767283115079099,0.9393939393939394,0.5909090909090909,0.3891207251481017,0.6108792748518983,7.0,27,"Arts, Design, Entertainment, Sports, & Media",Q4 (high),1
27-3041,Editors,0.246,0.106605298367656,0.139394701632344,0.9411764705882352,0.6470588235294118,0.4333548714132358,0.5666451285867643,6.0,27,"Arts, Design, Entertainment, Sports, & Media",Q3,1
27-3042,Technical Writers,0.4747,0.2007980131796274,0.2739019868203725,0.9333333333333332,0.7,0.4229998171047555,0.5770001828952445,7.0,27,"Arts, Design, Entertainment, Sports, & Media",Q4 (high),1
27-3043,Writers and Authors,0.2462,0.1201427936674285,0.1260572063325714,0.9444444444444444,0.8771367521367521,0.487988601411164,0.5120113985888359,16.0,27,"Arts, Design, Entertainment, Sports, & Media",Q3,1
27-3091,Interpreters and Translators,0.4304,0.2664744807369678,0.1639255192630322,0.88,0.88,0.6191321578461148,0.3808678421538853,13.0,27,"Arts, Design, Entertainment, Sports, & Media",Q4 (high),1
27-3092,Court Reporters and Simultaneous Captioners,0.3431,0.2771685783256237,0.0659314216743762,1.0,0.9583333333333331,0.8078361361866038,0.1921638638133961,2.0,27,"Arts, Design, Entertainment, Sports, & Media",Q4 (high),1
27-4011,Audio and Video Technicians,0.0173,0.0078559139333686,0.0094440860666313,0.75,0.4375,0.4540990712929836,0.5459009287070165,9.0,27,"Arts, Design, Entertainment, Sports, & Media",Q1 (low),0
27-4012,Broadcast Technicians,0.0197,0.0079039513677811,0.0117960486322188,0.7619047619047619,0.5238095238095237,0.4012158054711247,0.5987841945288754,2.0,27,"Arts, Design, Entertainment, Sports, & Media",Q1 (low),0
27-4014,Sound Engineering Technicians,0.0,0.0,0.0,0.7777777777777777,0.4259259259259259,,,3.0,27,"Arts, Design, Entertainment, Sports, & Media",Q0 (none),0
27-4021,Photographers,0.195,0.0846485673329867,0.1103514326670132,0.7291666666666666,0.3854166666666666,0.4340952170922399,0.56590478290776,7.0,27,"Arts, Design, Entertainment, Sports, & Media",Q3,1
27-4031,"Camera Operators, Television, Video, and Film",0.1651,0.1651,0.0,0.7878787878787878,0.4242424242424242,1.0,0.0,1.0,27,"Arts, Design, Entertainment, Sports, & Media",Q3,1
27-4032,Film and Video Editors,0.2234,0.1657927518841752,0.0576072481158247,0.9444444444444444,0.5277777777777778,0.7421340728924584,0.2578659271075416,7.0,27,"Arts, Design, Entertainment, Sports, & Media",Q3,1
29-1011,Chiropractors,0.0,0.0,0.0,0.7272727272727273,0.4545454545454546,,,4.0,29,Healthcare Practitioners & Technical,Q0 (none),0
29-1021,"Dentists, General",0.0309,0.0052241007194244,0.0256758992805755,0.45,0.25,0.1690647482014388,0.8309352517985611,5.0,29,Healthcare Practitioners & Technical,Q1 (low),0
29-1022,Oral and Maxillofacial Surgeons,0.0,0.0,0.0,0.08,0.04,,,1.0,29,Healthcare Practitioners & Technical,Q0 (none),0
29-1023,Orthodontists,0.0,0.0,0.0,0.6000000000000001,0.3,,,2.0,29,Healthcare Practitioners & Technical,Q0 (none),0
29-1024,Prosthodontists,0.0,0.0,0.0,0.0909090909090909,0.0454545454545454,,,1.0,29,Healthcare Practitioners & Technical,Q0 (none),0
29-1031,Dietitians and Nutritionists,0.1328,0.0522034203371079,0.0805965796628921,0.951219512195122,0.5487804878048781,0.3930980447071378,0.6069019552928622,3.0,29,Healthcare Practitioners & Technical,Q3,1
29-1041,Optometrists,0.0,0.0,0.0,0.6000000000000001,0.3,,,2.0,29,Healthcare Practitioners & Technical,Q0 (none),0
29-1051,Pharmacists,0.0896,0.0076039603960395,0.0819960396039604,0.7428571428571429,0.4285714285714285,0.0848656294200848,0.9151343705799152,6.0,29,Healthcare Practitioners & Technical,Q2,0
29-1071,Physician Assistants,0.0,0.0,0.0,0.5416666666666666,0.2708333333333333,0.2181818181818182,0.7818181818181817,2.0,29,Healthcare Practitioners & Technical,Q0 (none),0
29-1081,Podiatrists,0.0,0.0,0.0,0.5714285714285714,0.2857142857142857,,,,29,Healthcare Practitioners & Technical,Q0 (none),0
29-1122,Occupational Therapists,0.008,0.0027846607669616,0.0052153392330383,0.4674242424242424,0.2890151515151515,0.3480825958702065,0.6519174041297935,6.0,29,Healthcare Practitioners & Technical,Q1 (low),0
29-1123,Physical Therapists,0.0174,0.0018642857142857,0.0155357142857142,0.2978723404255319,0.1914893617021276,0.1071428571428571,0.8928571428571428,6.0,29,Healthcare Practitioners & Technical,Q1 (low),0
29-1124,Radiation Therapists,0.0,0.0,0.0,0.5121951219512195,0.2804878048780488,,,2.0,29,Healthcare Practitioners & Technical,Q0 (none),0
29-1125,Recreational Therapists,0.0,0.0,0.0,0.5454545454545454,0.3181818181818182,0.281594342131666,0.7184056578683341,19.0,29,Healthcare Practitioners & Technical,Q0 (none),0
29-1126,Respiratory Therapists,0.0,0.0,0.0,0.3095238095238095,0.2023809523809523,,,3.0,29,Healthcare Practitioners & Technical,Q0 (none),0
29-1127,Speech-Language Pathologists,0.0,0.0,0.0,0.7317073170731707,0.4512195121951219,,,5.0,29,Healthcare Practitioners & Technical,Q0 (none),0
29-1128,Exercise Physiologists,0.0,0.0,0.0,0.48,0.26,,,6.0,29,Healthcare Practitioners & Technical,Q0 (none),0
29-1129,"Therapists, All Other",0.0402,,,0.6432624113475177,0.3656028368794326,,,,29,Healthcare Practitioners & Technical,Q1 (low),0
29-1131,Veterinarians,0.0926,0.0258118466898954,0.0667881533101045,0.4594594594594595,0.2702702702702703,0.278745644599303,0.7212543554006969,2.0,29,Healthcare Practitioners & Technical,Q2,0
29-1141,Registered Nurses,0.0595,0.019659415713691,0.0398405842863089,0.6908921729611385,0.3801900070372976,0.3304103481292618,0.6695896518707382,19.0,29,Healthcare Practitioners & Technical,Q2,0
29-1151,Nurse Anesthetists,0.0,0.0,0.0,0.3333333333333333,0.1666666666666666,,,,29,Healthcare Practitioners & Technical,Q0 (none),0
29-1161,Nurse Midwives,0.052,0.0223923444976076,0.0296076555023923,0.5853658536585367,0.3902439024390244,0.430622009569378,0.569377990430622,8.0,29,Healthcare Practitioners & Technical,Q2,0
29-1171,Nurse Practitioners,0.0944,0.0306120343460778,0.0637879656539221,0.9259259259259258,0.4814814814814814,0.3242800248525198,0.6757199751474803,6.0,29,Healthcare Practitioners & Technical,Q2,0
29-1181,Audiologists,0.0,0.0,0.0,0.7727272727272727,0.4545454545454546,,,4.0,29,Healthcare Practitioners & Technical,Q0 (none),0
29-1211,Anesthesiologists,0.0,0.0,0.0,0.5,0.25,,,1.0,29,Healthcare Practitioners & Technical,Q0 (none),0
29-1213,Dermatologists,0.0,0.0,0.0,0.7647058823529411,0.3823529411764705,0.2607701121698644,0.7392298878301354,29.0,29,Healthcare Practitioners & Technical,Q0 (none),0
29-1215,Family Medicine Physicians,0.0,0.0,0.0,0.875,0.4375,0.2142857142857143,0.7857142857142858,6.0,29,Healthcare Practitioners & Technical,Q0 (none),0
29-1216,General Internal Medicine Physicians,0.084,0.0249075788193012,0.0590924211806987,0.9142857142857144,0.4571428571428571,0.2965187954678714,0.7034812045321285,6.0,29,Healthcare Practitioners & Technical,Q2,0
29-1217,Neurologists,0.0,0.0,0.0,0.8695652173913043,0.4565217391304347,0.2607701121698644,0.7392298878301354,29.0,29,Healthcare Practitioners & Technical,Q0 (none),0
29-1218,Obstetricians and Gynecologists,0.0685,0.0203115374895491,0.0481884625104508,0.7857142857142857,0.3928571428571428,0.2965187954678714,0.7034812045321285,5.0,29,Healthcare Practitioners & Technical,Q2,0
29-1221,"Pediatricians, General",0.0,0.0,0.0,0.9666666666666668,0.4833333333333333,,,8.0,29,Healthcare Practitioners & Technical,Q0 (none),0
29-1222,"Physicians, Pathologists",0.1577,0.0411234466891876,0.1165765533108123,0.8787878787878788,0.4696969696969697,0.2607701121698644,0.7392298878301354,29.0,29,Healthcare Practitioners & Technical,Q3,1
29-1223,Psychiatrists,0.0,0.0,0.0,0.8695652173913043,0.4782608695652174,,,3.0,29,Healthcare Practitioners & Technical,Q0 (none),0
29-1224,Radiologists,0.199,0.051893252321803,0.1471067476781969,0.977777777777778,0.4888888888888889,0.2607701121698644,0.7392298878301354,29.0,29,Healthcare Practitioners & Technical,Q3,1
29-1229,"Physicians, All Other",0.0297,0.0077448723314449,0.021955127668555,0.733812518718179,0.4164495357891584,0.2607701121698644,0.7392298878301354,29.0,29,Healthcare Practitioners & Technical,Q1 (low),0
29-1241,"Ophthalmologists, Except Pediatric",0.0,0.0,0.0,0.7941176470588235,0.4264705882352941,0.2607701121698644,0.7392298878301354,29.0,29,Healthcare Practitioners & Technical,Q0 (none),0
29-1242,"Orthopedic Surgeons, Except Pediatric",0.0,0.0,0.0,0.6,0.3333333333333333,,,2.0,29,Healthcare Practitioners & Technical,Q0 (none),0
29-1243,Pediatric Surgeons,0.0,0.0,0.0,0.611111111111111,0.3611111111111111,,,2.0,29,Healthcare Practitioners & Technical,Q0 (none),0
29-1291,Acupuncturists,0.0,0.0,0.0,0.1666666666666666,0.1666666666666666,0.4226769718077262,0.5773230281922739,9.0,29,Healthcare Practitioners & Technical,Q0 (none),0
29-1292,Dental Hygienists,0.0,0.0,0.0,0.3125,0.1875,,,1.0,29,Healthcare Practitioners & Technical,Q0 (none),0
29-1299,"Healthcare Diagnosing or Treating Practitioners, All Other",0.0222,0.0093834287741315,0.0128165712258684,0.796474358974359,0.4963942307692307,0.4226769718077262,0.5773230281922739,9.0,29,Healthcare Practitioners & Technical,Q1 (low),0
29-2031,Cardiovascular Technologists and Technicians,0.0,0.0,0.0,0.6285714285714286,0.3571428571428571,,,3.0,29,Healthcare Practitioners & Technical,Q0 (none),0
29-2032,Diagnostic Medical Sonographers,0.0,0.0,0.0,0.5,0.3026315789473684,,,1.0,29,Healthcare Practitioners & Technical,Q0 (none),0
29-2033,Nuclear Medicine Technologists,0.0513,0.027380981595092,0.0239190184049079,0.5161290322580645,0.2903225806451612,0.5337423312883437,0.4662576687116564,3.0,29,Healthcare Practitioners & Technical,Q2,0
29-2034,Radiologic Technologists and Technicians,0.0,0.0,0.0,0.7543859649122806,0.3771929824561403,,,3.0,29,Healthcare Practitioners & Technical,Q0 (none),0
29-2035,Magnetic Resonance Imaging Technologists,0.039,0.0156614173228346,0.0233385826771653,0.6,0.3222222222222222,0.4015748031496063,0.5984251968503936,2.0,29,Healthcare Practitioners & Technical,Q1 (low),0
29-2042,Emergency Medical Technicians,0.0,0.0,0.0,0.25,0.2083333333333333,,,1.0,29,Healthcare Practitioners & Technical,Q0 (none),0
29-2043,Paramedics,0.0,0.0,0.0,0.2307692307692307,0.1538461538461538,,,1.0,29,Healthcare Practitioners & Technical,Q0 (none),0
29-2051,Dietetic Technicians,0.2446,0.1197354979249032,0.1248645020750967,0.9130434782608696,0.5434782608695652,0.4895155270846411,0.5104844729153588,6.0,29,Healthcare Practitioners & Technical,Q3,1
29-2052,Pharmacy Technicians,0.0735,0.0735,0.0,0.5588235294117647,0.4264705882352941,1.0,0.0,3.0,29,Healthcare Practitioners & Technical,Q2,0
29-2053,Psychiatric Technicians,0.0,0.0,0.0,0.24,0.12,,,,29,Healthcare Practitioners & Technical,Q0 (none),0
29-2055,Surgical Technologists,0.0,0.0,0.0,0.1,0.0666666666666666,,,1.0,29,Healthcare Practitioners & Technical,Q0 (none),0
29-2056,Veterinary Technologists and Technicians,0.0,0.0,0.0,0.2622950819672131,0.1639344262295082,,,2.0,29,Healthcare Practitioners & Technical,Q0 (none),0
29-2057,Ophthalmic Medical Technicians,0.0,0.0,0.0,0.6052631578947368,0.3289473684210526,,,,29,Healthcare Practitioners & Technical,Q0 (none),0
29-2061,Licensed Practical and Licensed Vocational Nurses,0.0,0.0,0.0,0.4210526315789473,0.25,,,3.0,29,Healthcare Practitioners & Technical,Q0 (none),0
29-2072,Medical Records Specialists,0.6674,0.3654624970913888,0.3019375029086111,1.0,0.6176470588235294,0.5475913951024706,0.4524086048975294,12.0,29,Healthcare Practitioners & Technical,Q4 (high),1
29-2081,"Opticians, Dispensing",0.0,0.0,0.0,0.4761904761904761,0.2857142857142857,,,,29,Healthcare Practitioners & Technical,Q0 (none),0
29-2091,Orthotists and Prosthetists,0.0,0.0,0.0,0.3793103448275862,0.2758620689655172,,,1.0,29,Healthcare Practitioners & Technical,Q0 (none),0
29-2092,Hearing Aid Specialists,0.0,0.0,0.0,0.4,0.2,,,1.0,29,Healthcare Practitioners & Technical,Q0 (none),0
29-2099,"Health Technologists and Technicians, All Other",0.0445,,,0.7591269841269841,0.4114087301587301,,,2.0,29,Healthcare Practitioners & Technical,Q1 (low),0
29-9021,Health Information Technologists and Medical Registrars,0.3063,0.1677272443198867,0.1385727556801132,1.0,0.65625,0.5475913951024706,0.4524086048975294,16.0,29,Healthcare Practitioners & Technical,Q4 (high),1
29-9091,Athletic Trainers,0.0531,,,0.4651162790697674,0.2790697674418604,,,3.0,29,Healthcare Practitioners & Technical,Q2,0
29-9092,Genetic Counselors,0.0123,0.0,0.0123,0.894736842105263,0.5,0.0,1.0,7.0,29,Healthcare Practitioners & Technical,Q1 (low),0
29-9093,Surgical Assistants,0.0,0.0,0.0,0.0784313725490196,0.0392156862745098,,,4.0,29,Healthcare Practitioners & Technical,Q0 (none),0
29-9099,"Healthcare Practitioners and Technical Workers, All Other",0.0,0.0,0.0,0.6,0.3785714285714285,,,4.0,29,Healthcare Practitioners & Technical,Q0 (none),0
31-1131,Nursing Assistants,0.0,0.0,0.0,0.1525423728813559,0.1016949152542373,,,3.0,31,Healthcare Support,Q0 (none),0
31-1132,Orderlies,0.0,0.0,0.0,0.0,0.0,,,,31,Healthcare Support,Q0 (none),0
31-1133,Psychiatric Aides,0.0,0.0,0.0,0.125,0.125,,,2.0,31,Healthcare Support,Q0 (none),0
31-2011,Occupational Therapy Assistants,0.0,0.0,0.0,0.3488372093023256,0.2674418604651162,,,2.0,31,Healthcare Support,Q0 (none),0
31-2012,Occupational Therapy Aides,0.0661,,,0.2592592592592592,0.2407407407407407,,,1.0,31,Healthcare Support,Q2,0
31-2021,Physical Therapist Assistants,0.0,0.0,0.0,0.2051282051282051,0.1538461538461538,,,,31,Healthcare Support,Q0 (none),0
31-2022,Physical Therapist Aides,0.0,0.0,0.0,0.2424242424242424,0.1818181818181818,,,,31,Healthcare Support,Q0 (none),0
31-9011,Massage Therapists,0.0,0.0,0.0,0.074074074074074,0.074074074074074,,,4.0,31,Healthcare Support,Q0 (none),0
31-9091,Dental Assistants,0.0,0.0,0.0,0.4,0.2666666666666666,,,,31,Healthcare Support,Q0 (none),0
31-9092,Medical Assistants,0.0476,,,0.5384615384615384,0.358974358974359,,,2.0,31,Healthcare Support,Q2,0
31-9093,Medical Equipment Preparers,0.0,0.0,0.0,0.1481481481481481,0.1111111111111111,,,,31,Healthcare Support,Q0 (none),0
31-9094,Medical Transcriptionists,0.6365,0.4463700902026174,0.1901299097973826,0.9285714285714284,0.875,0.7012884370818813,0.2987115629181188,7.0,31,Healthcare Support,Q4 (high),1
31-9095,Pharmacy Aides,0.022,0.0,0.022,0.52,0.38,0.0,1.0,3.0,31,Healthcare Support,Q1 (low),0
31-9096,Veterinary Assistants and Laboratory Animal Caretakers,0.0179,0.0095274193548387,0.0083725806451612,0.3333333333333333,0.2222222222222222,0.532258064516129,0.467741935483871,3.0,31,Healthcare Support,Q1 (low),0
31-9097,Phlebotomists,0.0,0.0,0.0,0.2195121951219512,0.1829268292682926,,,1.0,31,Healthcare Support,Q0 (none),0
31-9099,"Healthcare Support Workers, All Other",0.0,0.0,0.0,0.5307017543859648,0.3651315789473684,,,2.0,31,Healthcare Support,Q0 (none),0
33-1011,First-Line Supervisors of Correctional Officers,0.0315,,,0.3478260869565217,0.2826086956521739,,,1.0,33,Protective Service,Q1 (low),0
33-1012,First-Line Supervisors of Police and Detectives,0.0,0.0,0.0,0.5526315789473684,0.3289473684210526,,,1.0,33,Protective Service,Q0 (none),0
33-1021,First-Line Supervisors of Firefighting and Prevention Workers,0.0,0.0,0.0,0.6037735849056604,0.4150943396226415,,,1.0,33,Protective Service,Q0 (none),0
33-2011,Firefighters,0.0,0.0,0.0,0.175438596491228,0.1403508771929824,,,,33,Protective Service,Q0 (none),0
33-2021,Fire Inspectors and Investigators,0.0,0.0,0.0,0.4423076923076923,0.2884615384615385,,,,33,Protective Service,Q0 (none),0
33-2022,Forest Fire Inspectors and Prevention Specialists,0.0,0.0,0.0,0.3125,0.21875,,,,33,Protective Service,Q0 (none),0
33-3011,Bailiffs,0.0,0.0,0.0,0.0357142857142857,0.0357142857142857,,,,33,Protective Service,Q0 (none),0
33-3012,Correctional Officers and Jailers,0.0,0.0,0.0,0.2954545454545454,0.2613636363636363,,,,33,Protective Service,Q0 (none),0
33-3021,Detectives and Criminal Investigators,0.0374,0.0116843273278846,0.0257156726721153,0.7064353946706888,0.397410759175465,0.3124151691947766,0.6875848308052233,14.0,33,Protective Service,Q1 (low),0
33-3031,Fish and Game Wardens,0.0,0.0,0.0,0.4772727272727273,0.2840909090909091,,,1.0,33,Protective Service,Q0 (none),0
33-3041,Parking Enforcement Workers,0.0,0.0,0.0,0.4615384615384615,0.3205128205128205,,,1.0,33,Protective Service,Q0 (none),0
33-3051,Police and Sheriff's Patrol Officers,0.1234,0.0288808510638297,0.0945191489361702,0.5250410509031198,0.3511904761904761,0.2340425531914893,0.7659574468085107,3.0,33,Protective Service,Q3,1
33-3052,Transit and Railroad Police,0.0,0.0,0.0,0.4166666666666666,0.2499999999999999,,,1.0,33,Protective Service,Q0 (none),0
33-9011,Animal Control Workers,0.0,0.0,0.0,0.4333333333333333,0.35,,,1.0,33,Protective Service,Q0 (none),0
33-9021,Private Detectives and Investigators,0.0,0.0,0.0,0.7037037037037037,0.3888888888888888,,,2.0,33,Protective Service,Q0 (none),0
33-9031,Gambling Surveillance Officers and Gambling Investigators,0.0,0.0,0.0,0.625,0.4375,,,,33,Protective Service,Q0 (none),0
33-9032,Security Guards,0.0,0.0,0.0,0.1666666666666666,0.1666666666666666,,,2.0,33,Protective Service,Q0 (none),0
33-9091,Crossing Guards and Flaggers,0.0,0.0,0.0,0.1578947368421052,0.1052631578947368,,,1.0,33,Protective Service,Q0 (none),0
33-9092,"Lifeguards, Ski Patrol, and Other Recreational Protective Service Workers",0.0,0.0,0.0,0.08,0.08,,,1.0,33,Protective Service,Q0 (none),0
33-9093,Transportation Security Screeners,0.0,0.0,0.0,0.52,0.26,,,1.0,33,Protective Service,Q0 (none),0
33-9099,"Protective Service Workers, All Other",0.0571,0.033740909090909,0.0233590909090909,0.6585365853658537,0.3780487804878049,0.5909090909090909,0.409090909090909,4.0,33,Protective Service,Q2,0
35-1011,Chefs and Head Cooks,0.0,0.0,0.0,0.4285714285714285,0.2619047619047618,,,6.0,35,Food Preparation & Serving,Q0 (none),0
35-1012,First-Line Supervisors of Food Preparation and Serving Workers,0.0564,,,0.8,0.5111111111111112,,,2.0,35,Food Preparation & Serving,Q2,0
35-2011,"Cooks, Fast Food",0.0,0.0,0.0,0.0,0.0,,,2.0,35,Food Preparation & Serving,Q0 (none),0
35-2012,"Cooks, Institution and Cafeteria",0.0,0.0,0.0,0.2068965517241379,0.1206896551724137,,,2.0,35,Food Preparation & Serving,Q0 (none),0
35-2013,"Cooks, Private Household",0.0,0.0,0.0,0.32,0.24,,,2.0,35,Food Preparation & Serving,Q0 (none),0
35-2014,"Cooks, Restaurant",0.0116,0.0061142857142857,0.0054857142857142,0.1621621621621621,0.0945945945945946,0.5270935960591133,0.4729064039408867,4.0,35,Food Preparation & Serving,Q1 (low),0
35-2015,"Cooks, Short Order",0.0,0.0,0.0,0.0,0.0,,,1.0,35,Food Preparation & Serving,Q0 (none),0
35-2021,Food Preparation Workers,0.0,0.0,0.0,0.0555555555555555,0.037037037037037,,,2.0,35,Food Preparation & Serving,Q0 (none),0
35-3011,Bartenders,0.0,0.0,0.0,0.2777777777777778,0.1944444444444444,,,4.0,35,Food Preparation & Serving,Q0 (none),0
35-3023,Fast Food and Counter Workers,0.0,0.0,0.0,0.1310307017543859,0.0970394736842105,,,4.0,35,Food Preparation & Serving,Q0 (none),0
35-3031,Waiters and Waitresses,0.0,0.0,0.0,0.2857142857142857,0.183673469387755,,,2.0,35,Food Preparation & Serving,Q0 (none),0
35-3041,"Food Servers, Nonrestaurant",0.0,0.0,0.0,0.1851851851851851,0.1296296296296296,,,1.0,35,Food Preparation & Serving,Q0 (none),0
35-9011,Dining Room and Cafeteria Attendants and Bartender Helpers,0.0,0.0,0.0,0.0,0.0,,,,35,Food Preparation & Serving,Q0 (none),0
35-9021,Dishwashers,0.0,0.0,0.0,0.0,0.0,,,,35,Food Preparation & Serving,Q0 (none),0
35-9031,"Hosts and Hostesses, Restaurant, Lounge, and Coffee Shop",0.0734,0.0292248899559824,0.0441751100440176,0.3999999999999999,0.2285714285714285,0.3981592637054822,0.6018407362945178,2.0,35,Food Preparation & Serving,Q2,0
37-1011,First-Line Supervisors of Housekeeping and Janitorial Workers,0.0436,0.0111754512635379,0.0324245487364621,0.3673469387755101,0.2653061224489795,0.2563176895306859,0.7436823104693141,2.0,37,Building & Grounds Cleaning & Maintenance,Q1 (low),0
37-1012,"First-Line Supervisors of Landscaping, Lawn Service, and Groundskeeping Workers",0.1083,0.0307432258064516,0.0775567741935483,0.5636363636363636,0.3545454545454545,0.2838709677419355,0.7161290322580645,1.0,37,Building & Grounds Cleaning & Maintenance,Q2,1
37-2011,"Janitors and Cleaners, Except Maids and Housekeeping Cleaners",0.0,0.0,0.0,0.0,0.0,,,,37,Building & Grounds Cleaning & Maintenance,Q0 (none),0
37-2012,Maids and Housekeeping Cleaners,0.0,0.0,0.0,0.0,0.0,,,,37,Building & Grounds Cleaning & Maintenance,Q0 (none),0
37-2021,Pest Control Workers,0.046,,,0.3333333333333333,0.25,,,1.0,37,Building & Grounds Cleaning & Maintenance,Q1 (low),0
37-3011,Landscaping and Groundskeeping Workers,0.0,0.0,0.0,0.048780487804878,0.024390243902439,,,1.0,37,Building & Grounds Cleaning & Maintenance,Q0 (none),0
37-3012,"Pesticide Handlers, Sprayers, and Applicators, Vegetation",0.0,0.0,0.0,0.1111111111111111,0.0555555555555555,,,,37,Building & Grounds Cleaning & Maintenance,Q0 (none),0
37-3013,Tree Trimmers and Pruners,0.0,0.0,0.0,0.073170731707317,0.0609756097560975,,,1.0,37,Building & Grounds Cleaning & Maintenance,Q0 (none),0
39-1013,First-Line Supervisors of Gambling Services Workers,0.0,0.0,0.0,0.5576923076923077,0.4326923076923077,,,1.0,39,Personal Care & Service,Q0 (none),0
39-1014,"First-Line Supervisors of Entertainment and Recreation Workers, Except Gambling Services",0.0443,0.016572221599088,0.0277277784009119,0.5789473684210527,0.3684210526315789,0.3740907810177881,0.625909218982212,9.0,39,Personal Care & Service,Q1 (low),0
39-1022,First-Line Supervisors of Personal Service Workers,0.0407,0.0152254947874239,0.025474505212576,0.7241379310344828,0.4137931034482758,0.3740907810177881,0.625909218982212,9.0,39,Personal Care & Service,Q1 (low),0
39-2011,Animal Trainers,0.0,0.0,0.0,0.1379310344827586,0.1034482758620689,,,1.0,39,Personal Care & Service,Q0 (none),0
39-2021,Animal Caretakers,0.0,0.0,0.0,0.3636363636363636,0.2727272727272727,,,1.0,39,Personal Care & Service,Q0 (none),0
39-3011,Gambling Dealers,0.0,0.0,0.0,0.1351351351351351,0.1351351351351351,,,,39,Personal Care & Service,Q0 (none),0
39-3012,Gambling and Sports Book Writers and Runners,0.0,0.0,0.0,0.3076923076923077,0.2692307692307693,,,,39,Personal Care & Service,Q0 (none),0
39-3021,Motion Picture Projectionists,0.0,0.0,0.0,0.2727272727272727,0.1818181818181818,,,,39,Personal Care & Service,Q0 (none),0
39-3031,"Ushers, Lobby Attendants, and Ticket Takers",0.0,0.0,0.0,0.1714285714285714,0.1428571428571428,,,2.0,39,Personal Care & Service,Q0 (none),0
39-3091,Amusement and Recreation Attendants,0.0619,0.0262030674846625,0.0356969325153374,0.2307692307692307,0.2115384615384615,0.4233128834355829,0.5766871165644172,1.0,39,Personal Care & Service,Q2,0
39-3092,Costume Attendants,0.0,0.0,0.0,0.4166666666666666,0.2638888888888889,,,4.0,39,Personal Care & Service,Q0 (none),0
39-3093,"Locker Room, Coatroom, and Dressing Room Attendants",0.0,0.0,0.0,0.064516129032258,0.064516129032258,,,1.0,39,Personal Care & Service,Q0 (none),0
39-4011,Embalmers,0.0,0.0,0.0,0.04,0.04,,,,39,Personal Care & Service,Q0 (none),0
39-4021,Funeral Attendants,0.0,0.0,0.0,0.1777777777777777,0.1777777777777777,,,,39,Personal Care & Service,Q0 (none),0
39-4031,"Morticians, Undertakers, and Funeral Arrangers",0.0,0.0,0.0,0.2325581395348837,0.1627906976744186,,,4.0,39,Personal Care & Service,Q0 (none),0
39-5011,Barbers,0.0,0.0,0.0,0.2352941176470588,0.1617647058823529,,,2.0,39,Personal Care & Service,Q0 (none),0
39-5012,"Hairdressers, Hairstylists, and Cosmetologists",0.0304,,,0.1052631578947368,0.0789473684210526,,,3.0,39,Personal Care & Service,Q1 (low),0
39-5091,"Makeup Artists, Theatrical and Performance",0.0,0.0,0.0,0.6341463414634146,0.3414634146341463,,,3.0,39,Personal Care & Service,Q0 (none),0
39-5092,Manicurists and Pedicurists,0.0,0.0,0.0,0.1111111111111111,0.0833333333333333,,,1.0,39,Personal Care & Service,Q0 (none),0
39-5093,Shampooers,0.0,0.0,0.0,0.1428571428571428,0.1428571428571428,,,1.0,39,Personal Care & Service,Q0 (none),0
39-5094,Skincare Specialists,0.0,0.0,0.0,0.3333333333333333,0.1969696969696969,,,2.0,39,Personal Care & Service,Q0 (none),0
39-6011,Baggage Porters and Bellhops,0.073,0.0272331606217616,0.0457668393782383,0.2222222222222222,0.1481481481481481,0.3730569948186528,0.6269430051813473,1.0,39,Personal Care & Service,Q2,0
39-6012,Concierges,0.1875,0.0502940511079238,0.1372059488920762,0.8,0.4666666666666667,0.2682349392422603,0.7317650607577398,3.0,39,Personal Care & Service,Q3,1
39-9011,Childcare Workers,0.0122,0.0079342657342657,0.0042657342657342,0.1719901719901719,0.1414312039312039,0.6503496503496504,0.3496503496503496,5.0,39,Personal Care & Service,Q1 (low),0
39-9031,Exercise Trainers and Group Fitness Instructors,0.0,0.0,0.0,0.0294117647058823,0.0147058823529411,,,5.0,39,Personal Care & Service,Q0 (none),0
39-9032,Recreation Workers,0.0,0.0,0.0,0.3571428571428571,0.238095238095238,,,1.0,39,Personal Care & Service,Q0 (none),0
39-9041,Residential Advisors,0.067,0.0321862745098039,0.034813725490196,0.38,0.24,0.4803921568627451,0.5196078431372549,4.0,39,Personal Care & Service,Q2,0
41-1011,First-Line Supervisors of Retail Sales Workers,0.2627,0.0805357664233576,0.1821642335766423,0.8918918918918919,0.4864864864864865,0.3065693430656933,0.6934306569343066,5.0,41,Sales & Related,Q4 (high),1
41-1012,First-Line Supervisors of Non-Retail Sales Workers,0.2295,0.0,0.2295,0.9629629629629628,0.537037037037037,0.0,1.0,3.0,41,Sales & Related,Q3,1
41-2011,Cashiers,0.0846,0.0221666038076134,0.0624333961923865,0.2790697674418604,0.2093023255813953,0.2620165934706087,0.7379834065293913,4.0,41,Sales & Related,Q2,0
41-2012,Gambling Change Persons and Booth Cashiers,0.0,0.0,0.0,0.2857142857142857,0.2619047619047618,,,,41,Sales & Related,Q0 (none),0
41-2021,Counter and Rental Clerks,0.2048,0.065151663044923,0.1396483369550769,0.8064516129032258,0.532258064516129,0.3181233547115382,0.6818766452884618,4.0,41,Sales & Related,Q3,1
41-2022,Parts Salespersons,0.0,0.0,0.0,0.5142857142857142,0.3428571428571428,,,3.0,41,Sales & Related,Q0 (none),0
41-2031,Retail Salespersons,0.3222,0.1020085389731654,0.2201914610268345,0.6052631578947368,0.3421052631578947,0.3166000588862986,0.6833999411137013,4.0,41,Sales & Related,Q4 (high),1
41-3011,Advertising Sales Agents,0.1482,,,0.8974358974358974,0.5384615384615384,,,7.0,41,Sales & Related,Q3,1
41-3021,Insurance Sales Agents,0.3188,0.07056306158979,0.2482369384102099,1.0,0.5757575757575758,0.2213395909340967,0.7786604090659033,6.0,41,Sales & Related,Q4 (high),1
41-3031,"Securities, Commodities, and Financial Services Sales Agents",0.4413,0.1771254239699388,0.2641745760300611,1.0,0.6057692307692308,0.4013719101970062,0.5986280898029938,16.0,41,Sales & Related,Q4 (high),1
41-3041,Travel Agents,0.4054,0.2036231354923714,0.2017768645076285,1.0,0.5625,0.5022770979091551,0.4977229020908448,3.0,41,Sales & Related,Q4 (high),1
41-4011,"Sales Representatives, Wholesale and Manufacturing, Technical and Scientific Products",0.2706,0.079408338599874,0.191191661400126,0.9176788124156546,0.4983130904183536,0.2934528403543016,0.7065471596456985,17.0,41,Sales & Related,Q4 (high),1
41-4012,"Sales Representatives, Wholesale and Manufacturing, Except Technical and Scientific Products",0.6279,0.1588945059342421,0.469005494065758,1.0,0.6206896551724138,0.2530570248992548,0.7469429751007453,8.0,41,Sales & Related,Q4 (high),1
41-9011,Demonstrators and Product Promoters,0.0788,0.0244746773447379,0.054325322655262,0.2051282051282051,0.1282051282051282,0.3105923520905834,0.6894076479094167,5.0,41,Sales & Related,Q2,0
41-9012,Models,0.0,0.0,0.0,0.3333333333333333,0.2333333333333333,,,1.0,41,Sales & Related,Q0 (none),0
41-9021,Real Estate Brokers,0.2609,0.1175247936593014,0.1433752063406985,1.0,0.5,0.4504591554591854,0.5495408445408146,9.0,41,Sales & Related,Q4 (high),1
41-9022,Real Estate Sales Agents,0.2828,0.1192217521364815,0.1635782478635184,0.875,0.4375,0.4215762098178272,0.5784237901821728,12.0,41,Sales & Related,Q4 (high),1
41-9031,Sales Engineers,0.3224,0.0818962522440302,0.2405037477559698,0.8636363636363636,0.5113636363636364,0.2540206335112599,0.7459793664887402,10.0,41,Sales & Related,Q4 (high),1
41-9041,Telemarketers,0.2852,0.0864799999999999,0.19872,1.0,0.8055555555555555,0.3032258064516128,0.6967741935483871,2.0,41,Sales & Related,Q4 (high),1
41-9091,"Door-to-Door Sales Workers, News and Street Vendors, and Related Workers",0.1758,0.0355785714285714,0.1402214285714285,0.3478260869565217,0.2608695652173913,0.2023809523809523,0.7976190476190477,2.0,41,Sales & Related,Q3,1
43-1011,First-Line Supervisors of Office and Administrative Support Workers,0.1856,0.0519222448667575,0.1336777551332424,0.8958333333333333,0.4895833333333333,0.2797534744976159,0.720246525502384,10.0,43,Office & Administrative Support,Q3,1
43-2011,"Switchboard Operators, Including Answering Service",0.3863,0.1790061216582719,0.207293878341728,0.7419354838709677,0.6290322580645161,0.4633862843858969,0.5366137156141031,2.0,43,Office & Administrative Support,Q4 (high),1
43-2021,Telephone Operators,0.0,0.0,0.0,0.9473684210526316,0.894736842105263,,,2.0,43,Office & Administrative Support,Q0 (none),0
43-3011,Bill and Account Collectors,0.2989,0.2015932926770856,0.0973067073229143,1.0,0.6964285714285714,0.6744506278925582,0.3255493721074417,5.0,43,Office & Administrative Support,Q4 (high),1
43-3021,Billing and Posting Clerks,0.1924,0.0641572800630613,0.1282427199369386,0.8571428571428571,0.7738095238095237,0.3334577965855581,0.6665422034144419,5.0,43,Office & Administrative Support,Q3,1
43-3031,"Bookkeeping, Accounting, and Auditing Clerks",0.3104,0.1724712650325017,0.1379287349674982,1.0,0.8023255813953488,0.5556419620892453,0.4443580379107546,12.0,43,Office & Administrative Support,Q4 (high),1
43-3041,Gambling Cage Workers,0.0653,,,0.4516129032258064,0.4193548387096774,,,2.0,43,Office & Administrative Support,Q2,0
43-3051,Payroll and Timekeeping Clerks,0.0487,0.0142656565656565,0.0344343434343434,1.0,0.8378378378378379,0.2929292929292929,0.7070707070707071,3.0,43,Office & Administrative Support,Q2,0
43-3061,Procurement Clerks,0.2436,,,0.9714285714285714,0.6142857142857142,,,4.0,43,Office & Administrative Support,Q3,1
43-3071,Tellers,0.0231,,,0.7708333333333333,0.5416666666666666,,,2.0,43,Office & Administrative Support,Q1 (low),0
43-4011,Brokerage Clerks,0.1744,0.102851282051282,0.0715487179487179,1.0,0.7666666666666666,0.5897435897435899,0.4102564102564102,2.0,43,Office & Administrative Support,Q3,1
43-4021,Correspondence Clerks,0.2786,0.1658748216398833,0.1127251783601167,0.9642857142857142,0.9642857142857142,0.5953870123470326,0.4046129876529675,6.0,43,Office & Administrative Support,Q4 (high),1
43-4031,"Court, Municipal, and License Clerks",0.102,0.0495833333333333,0.0524166666666666,0.9636363636363636,0.7,0.486111111111111,0.5138888888888888,9.0,43,Office & Administrative Support,Q2,1
43-4041,"Credit Authorizers, Checkers, and Clerks",0.1296,0.0774093165630257,0.0521906834369742,0.95,0.65,0.5972941092826063,0.4027058907173937,3.0,43,Office & Administrative Support,Q3,1
43-4051,Customer Service Representatives,0.7011,0.2450718124869591,0.4560281875130408,1.0,0.5681818181818182,0.3495532912379962,0.6504467087620038,11.0,43,Office & Administrative Support,Q4 (high),1
43-4061,"Eligibility Interviewers, Government Programs",0.0597,0.0,0.0597,0.96,0.68,0.0,1.0,5.0,43,Office & Administrative Support,Q2,0
43-4071,File Clerks,0.1568,0.0329022950819672,0.1238977049180327,0.9117647058823528,0.7941176470588235,0.2098360655737705,0.7901639344262296,3.0,43,Office & Administrative Support,Q3,1
43-4081,"Hotel, Motel, and Resort Desk Clerks",0.1725,0.0993594476157185,0.0731405523842814,0.7948717948717948,0.5,0.5759967977722817,0.4240032022277183,4.0,43,Office & Administrative Support,Q3,1
43-4111,"Interviewers, Except Eligibility and Loan",0.3851,0.2224385938707236,0.1626614061292763,0.8275862068965517,0.6724137931034483,0.5776125522480489,0.4223874477519511,6.0,43,Office & Administrative Support,Q4 (high),1
43-4121,"Library Assistants, Clerical",0.0978,0.0429197293173314,0.0548802706826685,0.7413793103448276,0.5344827586206896,0.4388520380095236,0.5611479619904763,6.0,43,Office & Administrative Support,Q2,1
43-4131,Loan Interviewers and Clerks,0.2022,0.0949102040816326,0.1072897959183673,1.0,0.59375,0.4693877551020407,0.5306122448979592,3.0,43,Office & Administrative Support,Q3,1
43-4141,New Accounts Clerks,0.0,0.0,0.0,0.8400000000000001,0.56,,,,43,Office & Administrative Support,Q0 (none),0
43-4151,Order Clerks,0.0748,,,1.0,0.7142857142857143,,,3.0,43,Office & Administrative Support,Q2,0
43-4161,"Human Resources Assistants, Except Payroll and Timekeeping",0.4046,0.1618271048754951,0.2427728951245048,0.9655172413793104,0.6206896551724138,0.3999681287085891,0.6000318712914109,7.0,43,Office & Administrative Support,Q4 (high),1
43-4171,Receptionists and Information Clerks,0.4338,0.172939733703869,0.2608602662961309,0.8666666666666667,0.5333333333333333,0.3986623644625842,0.6013376355374157,9.0,43,Office & Administrative Support,Q4 (high),1
43-4181,Reservation and Transportation Ticket Agents and Travel Clerks,0.2467,0.0804239859227041,0.1662760140772958,0.7999999999999999,0.4571428571428571,0.3259991322363362,0.6740008677636637,3.0,43,Office & Administrative Support,Q3,1
43-5011,Cargo and Freight Agents,0.0165,,,0.8484848484848485,0.5273013150371642,,,10.0,43,Office & Administrative Support,Q1 (low),0
43-5021,Couriers and Messengers,0.0412,0.01545,0.02575,0.3793103448275862,0.3103448275862069,0.375,0.625,1.0,43,Office & Administrative Support,Q1 (low),0
43-5031,Public Safety Telecommunicators,0.0465,0.0188305785123966,0.0276694214876033,0.90625,0.65625,0.4049586776859504,0.5950413223140496,3.0,43,Office & Administrative Support,Q1 (low),0
43-5032,"Dispatchers, Except Police, Fire, and Ambulance",0.2258,,,1.0,0.6739130434782609,,,1.0,43,Office & Administrative Support,Q3,1
43-5041,"Meter Readers, Utilities",0.0,0.0,0.0,0.5416666666666666,0.4374999999999999,,,,43,Office & Administrative Support,Q0 (none),0
43-5051,Postal Service Clerks,0.0,0.0,0.0,0.4814814814814814,0.3148148148148147,,,1.0,43,Office & Administrative Support,Q0 (none),0
43-5052,Postal Service Mail Carriers,0.0,0.0,0.0,0.2564102564102564,0.2307692307692307,,,,43,Office & Administrative Support,Q0 (none),0
43-5053,"Postal Service Mail Sorters, Processors, and Processing Machine Operators",0.0,0.0,0.0,0.1,0.1,,,,43,Office & Administrative Support,Q0 (none),0
43-5061,"Production, Planning, and Expediting Clerks",0.0934,0.067178216839896,0.0262217831601039,0.9230769230769232,0.5961538461538461,0.7192528569582021,0.2807471430417979,3.0,43,Office & Administrative Support,Q2,0
43-5071,"Shipping, Receiving, and Inventory Clerks",0.0,0.0,0.0,0.7142857142857142,0.5,,,1.0,43,Office & Administrative Support,Q0 (none),0
43-5111,"Weighers, Measurers, Checkers, and Samplers, Recordkeeping",0.0,0.0,0.0,0.3793103448275862,0.293103448275862,,,2.0,43,Office & Administrative Support,Q0 (none),0
43-6011,Executive Secretaries and Executive Administrative Assistants,0.2336,0.1170210005319122,0.1165789994680877,0.918918918918919,0.6486486486486487,0.5009460639208573,0.4990539360791426,6.0,43,Office & Administrative Support,Q3,1
43-6012,Legal Secretaries and Administrative Assistants,0.0,0.0,0.0,1.0,0.6956521739130435,,,2.0,43,Office & Administrative Support,Q0 (none),0
43-6013,Medical Secretaries and Administrative Assistants,0.3623,0.2016394895348654,0.1606605104651346,1.0,0.6666666666666666,0.5565539319206885,0.4434460680793116,7.0,43,Office & Administrative Support,Q4 (high),1
43-6014,"Secretaries and Administrative Assistants, Except Legal, Medical, and Executive",0.4528,0.1999255422764531,0.2528744577235468,0.903846153846154,0.6442307692307693,0.4415316746388099,0.5584683253611901,14.0,43,Office & Administrative Support,Q4 (high),1
43-9021,Data Entry Keyers,0.6707,0.6707,0.0,0.9285714285714284,0.8928571428571428,1.0,0.0,2.0,43,Office & Administrative Support,Q4 (high),1
43-9022,Word Processors and Typists,0.2385,0.1556595085594667,0.0828404914405332,0.7837837837837838,0.7432432432432433,0.6526604132472402,0.3473395867527598,6.0,43,Office & Administrative Support,Q3,1
43-9031,Desktop Publishers,0.464,0.2426887518821717,0.2213112481178283,0.967741935483871,0.6451612903225806,0.5230361031943356,0.4769638968056643,9.0,43,Office & Administrative Support,Q4 (high),1
43-9041,Insurance Claims and Policy Processing Clerks,0.1467,0.0914056735181133,0.0552943264818866,1.0,0.8333333333333333,0.6230788924206772,0.3769211075793229,10.0,43,Office & Administrative Support,Q3,1
43-9051,"Mail Clerks and Mail Machine Operators, Except Postal Service",0.0,0.0,0.0,0.3243243243243243,0.2162162162162162,,,,43,Office & Administrative Support,Q0 (none),0
43-9061,"Office Clerks, General",0.4504,0.1483314789218326,0.3020685210781673,0.7878787878787878,0.5757575757575758,0.3293327684765379,0.6706672315234621,9.0,43,Office & Administrative Support,Q4 (high),1
43-9071,"Office Machine Operators, Except Computer",0.0239,0.0119157593123209,0.011984240687679,0.5,0.3970588235294117,0.498567335243553,0.501432664756447,3.0,43,Office & Administrative Support,Q1 (low),0
43-9081,Proofreaders and Copy Markers,0.1781,0.0774635687732342,0.1006364312267657,1.0,0.975,0.4349442379182155,0.5650557620817843,3.0,43,Office & Administrative Support,Q3,1
43-9111,Statistical Assistants,0.5099,0.2614793210309059,0.248420678969094,0.9565217391304348,0.8913043478260869,0.5128051010608079,0.4871948989391921,19.0,43,Office & Administrative Support,Q4 (high),1
45-1011,"First-Line Supervisors of Farming, Fishing, and Forestry Workers",0.0,0.0,0.0,0.4210526315789473,0.2807017543859649,,,,45,"Farming, Fishing, & Forestry",Q0 (none),0
45-2011,Agricultural Inspectors,0.0,0.0,0.0,0.5,0.2916666666666666,,,5.0,45,"Farming, Fishing, & Forestry",Q0 (none),0
45-2021,Animal Breeders,0.0,0.0,0.0,0.2424242424242424,0.1666666666666666,,,1.0,45,"Farming, Fishing, & Forestry",Q0 (none),0
45-2041,"Graders and Sorters, Agricultural Products",0.0,0.0,0.0,0.1,0.1,,,,45,"Farming, Fishing, & Forestry",Q0 (none),0
45-2091,Agricultural Equipment Operators,0.0,0.0,0.0,0.0,0.0,,,,45,"Farming, Fishing, & Forestry",Q0 (none),0
45-2092,"Farmworkers and Laborers, Crop, Nursery, and Greenhouse",0.0203,0.0076597292724196,0.0126402707275803,0.2142857142857142,0.1428571428571428,0.377326565143824,0.622673434856176,2.0,45,"Farming, Fishing, & Forestry",Q1 (low),0
45-2093,"Farmworkers, Farm, Ranch, and Aquacultural Animals",0.0,0.0,0.0,0.125,0.0625,,,1.0,45,"Farming, Fishing, & Forestry",Q0 (none),0
45-4011,Forest and Conservation Workers,0.0,0.0,0.0,0.0434782608695652,0.0434782608695652,,,,45,"Farming, Fishing, & Forestry",Q0 (none),0
45-4021,Fallers,0.0,0.0,0.0,0.0625,0.03125,,,,45,"Farming, Fishing, & Forestry",Q0 (none),0
45-4022,Logging Equipment Operators,0.0,0.0,0.0,0.1875,0.1875,,,,45,"Farming, Fishing, & Forestry",Q0 (none),0
45-4023,Log Graders and Scalers,0.0,0.0,0.0,0.4210526315789473,0.2105263157894736,,,,45,"Farming, Fishing, & Forestry",Q0 (none),0
47-1011,First-Line Supervisors of Construction Trades and Extraction Workers,0.0296,,,0.8,0.4166666666666666,,,3.0,47,Construction & Extraction,Q1 (low),0
47-2011,Boilermakers,0.0,0.0,0.0,0.0606060606060606,0.0303030303030303,,,,47,Construction & Extraction,Q0 (none),0
47-2021,Brickmasons and Blockmasons,0.0,0.0,0.0,0.0769230769230769,0.0384615384615384,,,,47,Construction & Extraction,Q0 (none),0
47-2022,Stonemasons,0.0,0.0,0.0,0.0,0.0,,,,47,Construction & Extraction,Q0 (none),0
47-2031,Carpenters,0.0,0.0,0.0,0.2444444444444444,0.1444444444444444,,,2.0,47,Construction & Extraction,Q0 (none),0
47-2041,Carpet Installers,0.0,0.0,0.0,0.125,0.0625,,,,47,Construction & Extraction,Q0 (none),0
47-2042,"Floor Layers, Except Carpet, Wood, and Hard Tiles",0.0,0.0,0.0,0.0,0.0,,,,47,Construction & Extraction,Q0 (none),0
47-2043,Floor Sanders and Finishers,0.0,0.0,0.0,0.1428571428571428,0.0714285714285714,,,,47,Construction & Extraction,Q0 (none),0
47-2044,Tile and Stone Setters,0.0,0.0,0.0,0.15,0.0875,,,1.0,47,Construction & Extraction,Q0 (none),0
47-2051,Cement Masons and Concrete Finishers,0.0,0.0,0.0,0.0,0.0,,,1.0,47,Construction & Extraction,Q0 (none),0
47-2053,Terrazzo Workers and Finishers,0.0,0.0,0.0,0.0,0.0,,,,47,Construction & Extraction,Q0 (none),0
47-2061,Construction Laborers,0.0281,,,0.1,0.05,,,,47,Construction & Extraction,Q1 (low),0
47-2071,"Paving, Surfacing, and Tamping Equipment Operators",0.0,0.0,0.0,0.0,0.0,,,,47,Construction & Extraction,Q0 (none),0
47-2072,Pile Driver Operators,0.0,0.0,0.0,0.0,0.0,,,,47,Construction & Extraction,Q0 (none),0
47-2073,Operating Engineers and Other Construction Equipment Operators,0.0,0.0,0.0,0.0652173913043478,0.0543478260869565,,,,47,Construction & Extraction,Q0 (none),0
47-2081,Drywall and Ceiling Tile Installers,0.0,0.0,0.0,0.0833333333333333,0.0416666666666666,,,2.0,47,Construction & Extraction,Q0 (none),0
47-2082,Tapers,0.0,0.0,0.0,0.0,0.0,,,,47,Construction & Extraction,Q0 (none),0
47-2111,Electricians,0.0,0.0,0.0,0.1951219512195122,0.1463414634146341,,,2.0,47,Construction & Extraction,Q0 (none),0
47-2121,Glaziers,0.0,0.0,0.0,0.1666666666666666,0.0833333333333333,,,2.0,47,Construction & Extraction,Q0 (none),0
47-2131,"Insulation Workers, Floor, Ceiling, and Wall",0.0,0.0,0.0,0.1,0.05,,,,47,Construction & Extraction,Q0 (none),0
47-2132,"Insulation Workers, Mechanical",0.0439,,,0.0909090909090909,0.0454545454545454,,,,47,Construction & Extraction,Q1 (low),0
47-2141,"Painters, Construction and Maintenance",0.0,0.0,0.0,0.0571428571428571,0.0571428571428571,,,2.0,47,Construction & Extraction,Q0 (none),0
47-2142,Paperhangers,0.0,0.0,0.0,0.054054054054054,0.027027027027027,,,,47,Construction & Extraction,Q0 (none),0
47-2151,Pipelayers,0.0,0.0,0.0,0.0714285714285714,0.0357142857142857,,,,47,Construction & Extraction,Q0 (none),0
47-2152,"Plumbers, Pipefitters, and Steamfitters",0.0116,,,0.1321138211382113,0.0753161698283649,,,3.0,47,Construction & Extraction,Q1 (low),0
47-2161,Plasterers and Stucco Masons,0.0,0.0,0.0,0.0769230769230769,0.0769230769230769,,,,47,Construction & Extraction,Q0 (none),0
47-2171,Reinforcing Iron and Rebar Workers,0.0,0.0,0.0,0.1428571428571428,0.0714285714285714,,,,47,Construction & Extraction,Q0 (none),0
47-2181,Roofers,0.0157,,,0.08,0.04,,,1.0,47,Construction & Extraction,Q1 (low),0
47-2211,Sheet Metal Workers,0.0,0.0,0.0,0.131578947368421,0.0657894736842105,,,1.0,47,Construction & Extraction,Q0 (none),0
47-2221,Structural Iron and Steel Workers,0.0491,,,0.0571428571428571,0.0285714285714285,,,,47,Construction & Extraction,Q2,0
47-2231,Solar Photovoltaic Installers,0.0,0.0,0.0,0.22,0.11,,,6.0,47,Construction & Extraction,Q0 (none),0
47-3011,"Helpers--Brickmasons, Blockmasons, Stonemasons, and Tile and Marble Setters",0.0,0.0,0.0,0.0,0.0,,,1.0,47,Construction & Extraction,Q0 (none),0
47-3012,Helpers--Carpenters,0.0,0.0,0.0,0.0,0.0,,,,47,Construction & Extraction,Q0 (none),0
47-3013,Helpers--Electricians,0.0,0.0,0.0,0.024390243902439,0.024390243902439,,,,47,Construction & Extraction,Q0 (none),0
47-3014,"Helpers--Painters, Paperhangers, Plasterers, and Stucco Masons",0.0,0.0,0.0,0.0,0.0,,,,47,Construction & Extraction,Q0 (none),0
47-3015,"Helpers--Pipelayers, Plumbers, Pipefitters, and Steamfitters",0.0,0.0,0.0,0.0,0.0,,,,47,Construction & Extraction,Q0 (none),0
47-3016,Helpers--Roofers,0.0,0.0,0.0,0.0,0.0,,,,47,Construction & Extraction,Q0 (none),0
47-4011,Construction and Building Inspectors,0.0481,0.02108090448059,0.0270190955194099,0.6682085786375105,0.3341042893187552,0.4382724424239093,0.5617275575760907,3.0,47,Construction & Extraction,Q2,0
47-4021,Elevator and Escalator Installers and Repairers,0.0,0.0,0.0,0.2105263157894736,0.1842105263157894,,,1.0,47,Construction & Extraction,Q0 (none),0
47-4031,Fence Erectors,0.0,0.0,0.0,0.0512820512820512,0.0512820512820512,,,,47,Construction & Extraction,Q0 (none),0
47-4041,Hazardous Materials Removal Workers,0.0,0.0,0.0,0.1290322580645161,0.0806451612903225,,,1.0,47,Construction & Extraction,Q0 (none),0
47-4051,Highway Maintenance Workers,0.0,0.0,0.0,0.032258064516129,0.0161290322580645,,,,47,Construction & Extraction,Q0 (none),0
47-4061,Rail-Track Laying and Maintenance Equipment Operators,0.0,0.0,0.0,0.0,0.0,,,,47,Construction & Extraction,Q0 (none),0
47-4071,Septic Tank Servicers and Sewer Pipe Cleaners,0.0,0.0,0.0,0.09375,0.078125,,,1.0,47,Construction & Extraction,Q0 (none),0
47-5011,"Derrick Operators, Oil and Gas",0.0,0.0,0.0,0.0,0.0,,,,47,Construction & Extraction,Q0 (none),0
47-5012,"Rotary Drill Operators, Oil and Gas",0.0,0.0,0.0,0.0526315789473684,0.0526315789473684,,,,47,Construction & Extraction,Q0 (none),0
47-5013,"Service Unit Operators, Oil and Gas",0.0,0.0,0.0,0.064516129032258,0.064516129032258,,,1.0,47,Construction & Extraction,Q0 (none),0
47-5022,"Excavating and Loading Machine and Dragline Operators, Surface Mining",0.0,0.0,0.0,0.0,0.0,,,2.0,47,Construction & Extraction,Q0 (none),0
47-5023,"Earth Drillers, Except Oil and Gas",0.0,0.0,0.0,0.1818181818181818,0.1363636363636363,,,,47,Construction & Extraction,Q0 (none),0
47-5032,"Explosives Workers, Ordnance Handling Experts, and Blasters",0.0,0.0,0.0,0.1458333333333333,0.1354166666666666,,,,47,Construction & Extraction,Q0 (none),0
47-5041,Continuous Mining Machine Operators,0.0,0.0,0.0,0.0,0.0,,,,47,Construction & Extraction,Q0 (none),0
47-5043,"Roof Bolters, Mining",0.0,0.0,0.0,0.0,0.0,,,,47,Construction & Extraction,Q0 (none),0
47-5044,"Loading and Moving Machine Operators, Underground Mining",0.0,0.0,0.0,0.0232558139534883,0.0232558139534883,,,,47,Construction & Extraction,Q0 (none),0
47-5051,"Rock Splitters, Quarry",0.0,0.0,0.0,0.1538461538461538,0.0769230769230769,,,,47,Construction & Extraction,Q0 (none),0
47-5071,"Roustabouts, Oil and Gas",0.0,0.0,0.0,0.0,0.0,,,,47,Construction & Extraction,Q0 (none),0
47-5081,Helpers--Extraction Workers,0.0,0.0,0.0,0.0,0.0,,,,47,Construction & Extraction,Q0 (none),0
49-1011,"First-Line Supervisors of Mechanics, Installers, and Repairers",0.1015,0.0397544378167057,0.0617455621832942,0.7948717948717948,0.4102564102564102,0.3916693380956229,0.6083306619043771,4.0,49,"Installation, Maintenance, & Repair",Q2,1
49-2011,"Computer, Automated Teller, and Office Machine Repairers",0.1067,0.0458921639618828,0.0608078360381171,0.4489795918367346,0.3673469387755101,0.4301046294459495,0.5698953705540505,7.0,49,"Installation, Maintenance, & Repair",Q2,1
49-2021,"Radio, Cellular, and Tower Equipment Installers and Repairers",0.0,0.0,0.0,0.1666666666666666,0.1071428571428571,,,,49,"Installation, Maintenance, & Repair",Q0 (none),0
49-2022,"Telecommunications Equipment Installers and Repairers, Except Line Installers",0.0333,0.0,0.0333,0.328125,0.28125,0.0,1.0,2.0,49,"Installation, Maintenance, & Repair",Q1 (low),0
49-2091,Avionics Technicians,0.0,0.0,0.0,0.36,0.24,,,3.0,49,"Installation, Maintenance, & Repair",Q0 (none),0
49-2092,"Electric Motor, Power Tool, and Related Repairers",0.0,0.0,0.0,0.1153846153846153,0.1057692307692307,,,2.0,49,"Installation, Maintenance, & Repair",Q0 (none),0
49-2093,"Electrical and Electronics Installers and Repairers, Transportation Equipment",0.0,0.0,0.0,0.32,0.24,,,3.0,49,"Installation, Maintenance, & Repair",Q0 (none),0
49-2094,"Electrical and Electronics Repairers, Commercial and Industrial Equipment",0.0,0.0,0.0,0.4358974358974359,0.3076923076923077,,,3.0,49,"Installation, Maintenance, & Repair",Q0 (none),0
49-2095,"Electrical and Electronics Repairers, Powerhouse, Substation, and Relay",0.0,0.0,0.0,0.44,0.34,,,2.0,49,"Installation, Maintenance, & Repair",Q0 (none),0
49-2096,"Electronic Equipment Installers and Repairers, Motor Vehicles",0.0,0.0,0.0,0.1666666666666666,0.1666666666666666,,,1.0,49,"Installation, Maintenance, & Repair",Q0 (none),0
49-2097,Audiovisual Equipment Installers and Repairers,0.0,0.0,0.0,0.2857142857142857,0.238095238095238,,,4.0,49,"Installation, Maintenance, & Repair",Q0 (none),0
49-2098,Security and Fire Alarm Systems Installers,0.0303,0.0303,0.0,0.2666666666666666,0.1666666666666666,1.0,0.0,3.0,49,"Installation, Maintenance, & Repair",Q1 (low),0
49-3011,Aircraft Mechanics and Service Technicians,0.0,0.0,0.0,0.1791044776119403,0.1343283582089552,,,1.0,49,"Installation, Maintenance, & Repair",Q0 (none),0
49-3021,Automotive Body and Related Repairers,0.0,0.0,0.0,0.0851063829787234,0.0425531914893617,,,,49,"Installation, Maintenance, & Repair",Q0 (none),0
49-3022,Automotive Glass Installers and Repairers,0.0,0.0,0.0,0.0,0.0,,,,49,"Installation, Maintenance, & Repair",Q0 (none),0
49-3023,Automotive Service Technicians and Mechanics,0.0,0.0,0.0,0.1272727272727272,0.0818181818181818,,,2.0,49,"Installation, Maintenance, & Repair",Q0 (none),0
49-3031,Bus and Truck Mechanics and Diesel Engine Specialists,0.0,0.0,0.0,0.0,0.0,,,1.0,49,"Installation, Maintenance, & Repair",Q0 (none),0
49-3041,Farm Equipment Mechanics and Service Technicians,0.0,0.0,0.0,0.1153846153846153,0.1153846153846153,,,,49,"Installation, Maintenance, & Repair",Q0 (none),0
49-3042,"Mobile Heavy Equipment Mechanics, Except Engines",0.0,0.0,0.0,0.15,0.1,,,2.0,49,"Installation, Maintenance, & Repair",Q0 (none),0
49-3043,Rail Car Repairers,0.0,0.0,0.0,0.1290322580645161,0.0967741935483871,,,,49,"Installation, Maintenance, & Repair",Q0 (none),0
49-3051,Motorboat Mechanics and Service Technicians,0.0,0.0,0.0,0.0769230769230769,0.0769230769230769,,,,49,"Installation, Maintenance, & Repair",Q0 (none),0
49-3052,Motorcycle Mechanics,0.0,0.0,0.0,0.0,0.0,,,1.0,49,"Installation, Maintenance, & Repair",Q0 (none),0
49-3053,Outdoor Power Equipment and Other Small Engine Mechanics,0.0,0.0,0.0,0.2142857142857142,0.1785714285714285,,,,49,"Installation, Maintenance, & Repair",Q0 (none),0
49-3091,Bicycle Repairers,0.0,0.0,0.0,0.2068965517241379,0.1034482758620689,,,,49,"Installation, Maintenance, & Repair",Q0 (none),0
49-3092,Recreational Vehicle Service Technicians,0.0,0.0,0.0,0.0606060606060606,0.0606060606060606,,,,49,"Installation, Maintenance, & Repair",Q0 (none),0
49-3093,Tire Repairers and Changers,0.0,0.0,0.0,0.0,0.0,,,,49,"Installation, Maintenance, & Repair",Q0 (none),0
49-9011,Mechanical Door Repairers,0.0,0.0,0.0,0.1818181818181818,0.1363636363636363,,,,49,"Installation, Maintenance, & Repair",Q0 (none),0
49-9012,"Control and Valve Installers and Repairers, Except Mechanical Door",0.0,0.0,0.0,0.1666666666666666,0.1309523809523809,,,,49,"Installation, Maintenance, & Repair",Q0 (none),0
49-9021,"Heating, Air Conditioning, and Refrigeration Mechanics and Installers",0.0191,0.0098228571428571,0.0092771428571428,0.1403508771929824,0.1052631578947368,0.5142857142857143,0.4857142857142857,1.0,49,"Installation, Maintenance, & Repair",Q1 (low),0
49-9031,Home Appliance Repairers,0.0,0.0,0.0,0.2181818181818181,0.1454545454545454,,,1.0,49,"Installation, Maintenance, & Repair",Q0 (none),0
49-9041,Industrial Machinery Mechanics,0.0239,0.0116549382716049,0.012245061728395,0.3548387096774194,0.2741935483870967,0.4876543209876542,0.5123456790123457,2.0,49,"Installation, Maintenance, & Repair",Q1 (low),0
49-9043,"Maintenance Workers, Machinery",0.0,0.0,0.0,0.1714285714285714,0.1428571428571428,,,,49,"Installation, Maintenance, & Repair",Q0 (none),0
49-9044,Millwrights,0.0,0.0,0.0,0.0434782608695652,0.0217391304347826,,,1.0,49,"Installation, Maintenance, & Repair",Q0 (none),0
49-9045,"Refractory Materials Repairers, Except Brickmasons",0.0,0.0,0.0,0.0,0.0,,,,49,"Installation, Maintenance, & Repair",Q0 (none),0
49-9051,Electrical Power-Line Installers and Repairers,0.0,0.0,0.0,0.0,0.0,,,,49,"Installation, Maintenance, & Repair",Q0 (none),0
49-9052,Telecommunications Line Installers and Repairers,0.0,0.0,0.0,0.03125,0.03125,,,1.0,49,"Installation, Maintenance, & Repair",Q0 (none),0
49-9061,Camera and Photographic Equipment Repairers,0.0412,,,0.44,0.24,,,2.0,49,"Installation, Maintenance, & Repair",Q1 (low),0
49-9062,Medical Equipment Repairers,0.0,0.0,0.0,0.4545454545454546,0.303030303030303,,,2.0,49,"Installation, Maintenance, & Repair",Q0 (none),0
49-9063,Musical Instrument Repairers and Tuners,0.0,0.0,0.0,0.0392156862745098,0.0196078431372549,,,1.0,49,"Installation, Maintenance, & Repair",Q0 (none),0
49-9064,Watch and Clock Repairers,0.0,0.0,0.0,0.2666666666666666,0.1999999999999999,,,,49,"Installation, Maintenance, & Repair",Q0 (none),0
49-9071,"Maintenance and Repair Workers, General",0.0,0.0,0.0,0.2352941176470588,0.1372549019607843,,,2.0,49,"Installation, Maintenance, & Repair",Q0 (none),0
49-9081,Wind Turbine Service Technicians,0.0,0.0,0.0,0.0869565217391304,0.0434782608695652,,,,49,"Installation, Maintenance, & Repair",Q0 (none),0
49-9091,"Coin, Vending, and Amusement Machine Servicers and Repairers",0.0,0.0,0.0,0.3214285714285714,0.3214285714285714,,,1.0,49,"Installation, Maintenance, & Repair",Q0 (none),0
49-9092,Commercial Divers,0.0,0.0,0.0,0.1333333333333333,0.0666666666666666,,,1.0,49,"Installation, Maintenance, & Repair",Q0 (none),0
49-9094,Locksmiths and Safe Repairers,0.0,0.0,0.0,0.08,0.08,,,,49,"Installation, Maintenance, & Repair",Q0 (none),0
49-9095,Manufactured Building and Mobile Home Installers,0.0,0.0,0.0,0.0769230769230769,0.0769230769230769,,,,49,"Installation, Maintenance, & Repair",Q0 (none),0
49-9096,Riggers,0.0,0.0,0.0,0.0,0.0,,,,49,"Installation, Maintenance, & Repair",Q0 (none),0
49-9097,Signal and Track Switch Repairers,0.0,0.0,0.0,0.0769230769230769,0.0769230769230769,,,,49,"Installation, Maintenance, & Repair",Q0 (none),0
49-9098,"Helpers--Installation, Maintenance, and Repair Workers",0.0,0.0,0.0,0.0666666666666666,0.0333333333333333,,,1.0,49,"Installation, Maintenance, & Repair",Q0 (none),0
49-9099,"Installation, Maintenance, and Repair Workers, All Other",0.0,0.0,0.0,0.3548387096774194,0.2096774193548387,,,1.0,49,"Installation, Maintenance, & Repair",Q0 (none),0
51-1011,First-Line Supervisors of Production and Operating Workers,0.0,0.0,0.0,0.65,0.4,,,2.0,51,Production,Q0 (none),0
51-2011,"Aircraft Structure, Surfaces, Rigging, and Systems Assemblers",0.0494,,,0.05,0.025,,,1.0,51,Production,Q2,0
51-2021,"Coil Winders, Tapers, and Finishers",0.0,0.0,0.0,0.2222222222222222,0.2222222222222222,,,,51,Production,Q0 (none),0
51-2031,Engine and Other Machine Assemblers,0.0,0.0,0.0,0.1904761904761904,0.0952380952380952,,,,51,Production,Q0 (none),0
51-2041,Structural Metal Fabricators and Fitters,0.0,0.0,0.0,0.0454545454545454,0.0227272727272727,,,,51,Production,Q0 (none),0
51-2051,Fiberglass Laminators and Fabricators,0.0,0.0,0.0,0.0416666666666666,0.0208333333333333,,,,51,Production,Q0 (none),0
51-2061,Timing Device Assemblers and Adjusters,0.0392,,,0.12,0.06,,,,51,Production,Q1 (low),0
51-3011,Bakers,0.0,0.0,0.0,0.3823529411764705,0.2647058823529412,,,2.0,51,Production,Q0 (none),0
51-3021,Butchers and Meat Cutters,0.0,0.0,0.0,0.2105263157894736,0.131578947368421,,,,51,Production,Q0 (none),0
51-3022,"Meat, Poultry, and Fish Cutters and Trimmers",0.0,0.0,0.0,0.0,0.0,,,,51,Production,Q0 (none),0
51-3023,Slaughterers and Meat Packers,0.0,0.0,0.0,0.0,0.0,,,,51,Production,Q0 (none),0
51-3091,"Food and Tobacco Roasting, Baking, and Drying Machine Operators and Tenders",0.0,0.0,0.0,0.0666666666666666,0.0666666666666666,,,,51,Production,Q0 (none),0
51-3092,Food Batchmakers,0.0,0.0,0.0,0.1282051282051282,0.1153846153846153,,,4.0,51,Production,Q0 (none),0
51-3093,Food Cooking Machine Operators and Tenders,0.0,0.0,0.0,0.1290322580645161,0.1290322580645161,,,,51,Production,Q0 (none),0
51-4021,"Extruding and Drawing Machine Setters, Operators, and Tenders, Metal and Plastic",0.0,0.0,0.0,0.0416666666666666,0.0208333333333333,,,1.0,51,Production,Q0 (none),0
51-4022,"Forging Machine Setters, Operators, and Tenders, Metal and Plastic",0.0,0.0,0.0,0.0833333333333333,0.0416666666666666,,,,51,Production,Q0 (none),0
51-4023,"Rolling Machine Setters, Operators, and Tenders, Metal and Plastic",0.0,0.0,0.0,0.2352941176470588,0.1764705882352941,,,,51,Production,Q0 (none),0
51-4031,"Cutting, Punching, and Press Machine Setters, Operators, and Tenders, Metal and Plastic",0.0,0.0,0.0,0.02,0.01,,,,51,Production,Q0 (none),0
51-4032,"Drilling and Boring Machine Tool Setters, Operators, and Tenders, Metal and Plastic",0.0,0.0,0.0,0.0606060606060606,0.0303030303030303,,,1.0,51,Production,Q0 (none),0
51-4033,"Grinding, Lapping, Polishing, and Buffing Machine Tool Setters, Operators, and Tenders, Metal and Plastic",0.0,0.0,0.0,0.0967741935483871,0.064516129032258,,,,51,Production,Q0 (none),0
51-4034,"Lathe and Turning Machine Tool Setters, Operators, and Tenders, Metal and Plastic",0.0,0.0,0.0,0.1935483870967742,0.1612903225806451,,,,51,Production,Q0 (none),0
51-4035,"Milling and Planing Machine Setters, Operators, and Tenders, Metal and Plastic",0.0,0.0,0.0,0.2758620689655172,0.2413793103448275,,,,51,Production,Q0 (none),0
51-4041,Machinists,0.0,0.0,0.0,0.3061224489795918,0.2346938775510204,,,2.0,51,Production,Q0 (none),0
51-4051,Metal-Refining Furnace Operators and Tenders,0.0,0.0,0.0,0.125,0.1041666666666666,,,,51,Production,Q0 (none),0
51-4052,"Pourers and Casters, Metal",0.0,0.0,0.0,0.0,0.0,,,,51,Production,Q0 (none),0
51-4061,"Model Makers, Metal and Plastic",0.0,0.0,0.0,0.1935483870967742,0.1612903225806451,,,,51,Production,Q0 (none),0
51-4062,"Patternmakers, Metal and Plastic",0.0,0.0,0.0,0.217391304347826,0.1521739130434782,,,,51,Production,Q0 (none),0
51-4071,Foundry Mold and Coremakers,0.0,0.0,0.0,0.0,0.0,,,,51,Production,Q0 (none),0
51-4072,"Molding, Coremaking, and Casting Machine Setters, Operators, and Tenders, Metal and Plastic",0.0,0.0,0.0,0.1395348837209302,0.0813953488372093,,,,51,Production,Q0 (none),0
51-4081,"Multiple Machine Tool Setters, Operators, and Tenders, Metal and Plastic",0.0,0.0,0.0,0.1282051282051282,0.1025641025641025,,,,51,Production,Q0 (none),0
51-4111,Tool and Die Makers,0.0,0.0,0.0,0.28125,0.1875,,,,51,Production,Q0 (none),0
51-4121,"Welders, Cutters, Solderers, and Brazers",0.0,0.0,0.0,0.0980392156862745,0.088235294117647,,,1.0,51,Production,Q0 (none),0
51-4122,"Welding, Soldering, and Brazing Machine Setters, Operators, and Tenders",0.0,0.0,0.0,0.0909090909090909,0.0681818181818181,,,,51,Production,Q0 (none),0
51-4191,"Heat Treating Equipment Setters, Operators, and Tenders, Metal and Plastic",0.0,0.0,0.0,0.1764705882352941,0.1764705882352941,,,1.0,51,Production,Q0 (none),0
51-4192,"Layout Workers, Metal and Plastic",0.0,0.0,0.0,0.2608695652173913,0.1304347826086956,,,1.0,51,Production,Q0 (none),0
51-4193,"Plating Machine Setters, Operators, and Tenders, Metal and Plastic",0.0,0.0,0.0,0.1458333333333333,0.1041666666666666,,,,51,Production,Q0 (none),0
51-4194,"Tool Grinders, Filers, and Sharpeners",0.0,0.0,0.0,0.0666666666666666,0.0333333333333333,,,,51,Production,Q0 (none),0
51-5111,Prepress Technicians and Workers,0.1018,0.0431355932203389,0.058664406779661,0.8125,0.4375,0.423728813559322,0.576271186440678,4.0,51,Production,Q2,1
51-5112,Printing Press Operators,0.0,0.0,0.0,0.4,0.2875,,,1.0,51,Production,Q0 (none),0
51-5113,Print Binding and Finishing Workers,0.0,0.0,0.0,0.1282051282051282,0.0897435897435897,,,1.0,51,Production,Q0 (none),0
51-6011,Laundry and Dry-Cleaning Workers,0.0,0.0,0.0,0.075,0.05,,,1.0,51,Production,Q0 (none),0
51-6021,"Pressers, Textile, Garment, and Related Materials",0.0,0.0,0.0,0.0208333333333333,0.0104166666666666,,,,51,Production,Q0 (none),0
51-6031,Sewing Machine Operators,0.0,0.0,0.0,0.1162790697674418,0.0813953488372093,,,,51,Production,Q0 (none),0
51-6041,Shoe and Leather Workers and Repairers,0.0,0.0,0.0,0.1176470588235294,0.0588235294117647,,,,51,Production,Q0 (none),0
51-6042,Shoe Machine Operators and Tenders,0.0,0.0,0.0,0.0869565217391304,0.0869565217391304,,,,51,Production,Q0 (none),0
51-6051,"Sewers, Hand",0.0,0.0,0.0,0.0833333333333333,0.0416666666666666,,,,51,Production,Q0 (none),0
51-6052,"Tailors, Dressmakers, and Custom Sewers",0.0342,0.0130244640605296,0.0211755359394703,0.1363636363636363,0.0909090909090909,0.3808322824716267,0.6191677175283733,3.0,51,Production,Q1 (low),0
51-6061,Textile Bleaching and Dyeing Machine Operators and Tenders,0.0211,,,0.1842105263157894,0.1578947368421052,,,2.0,51,Production,Q1 (low),0
51-6062,"Textile Cutting Machine Setters, Operators, and Tenders",0.0152,0.0082434782608695,0.0069565217391304,0.2142857142857142,0.1607142857142857,0.5423340961098398,0.4576659038901602,1.0,51,Production,Q1 (low),0
51-6063,"Textile Knitting and Weaving Machine Setters, Operators, and Tenders",0.032,0.0173546910755148,0.0146453089244851,0.1875,0.15625,0.5423340961098398,0.4576659038901602,1.0,51,Production,Q1 (low),0
51-6064,"Textile Winding, Twisting, and Drawing Out Machine Setters, Operators, and Tenders",0.0,0.0,0.0,0.0857142857142857,0.0857142857142857,,,,51,Production,Q0 (none),0
51-6091,"Extruding and Forming Machine Setters, Operators, and Tenders, Synthetic and Glass Fibers",0.0,0.0,0.0,0.0689655172413793,0.0689655172413793,,,,51,Production,Q0 (none),0
51-6092,Fabric and Apparel Patternmakers,0.0,0.0,0.0,0.8125,0.46875,,,,51,Production,Q0 (none),0
51-6093,Upholsterers,0.0,0.0,0.0,0.2647058823529412,0.1911764705882352,,,1.0,51,Production,Q0 (none),0
51-7011,Cabinetmakers and Bench Carpenters,0.0,0.0,0.0,0.1764705882352941,0.1176470588235294,,,,51,Production,Q0 (none),0
51-7021,Furniture Finishers,0.0,0.0,0.0,0.0571428571428571,0.0285714285714285,,,,51,Production,Q0 (none),0
51-7031,"Model Makers, Wood",0.0,0.0,0.0,0.2307692307692307,0.1538461538461538,,,1.0,51,Production,Q0 (none),0
51-7032,"Patternmakers, Wood",0.0301,0.0166950316169828,0.0134049683830171,0.3076923076923077,0.2564102564102564,0.5546522131887986,0.4453477868112014,2.0,51,Production,Q1 (low),0
51-7041,"Sawing Machine Setters, Operators, and Tenders, Wood",0.0,0.0,0.0,0.1176470588235294,0.0588235294117647,,,,51,Production,Q0 (none),0
51-7042,"Woodworking Machine Setters, Operators, and Tenders, Except Sawing",0.0,0.0,0.0,0.108695652173913,0.0652173913043478,,,,51,Production,Q0 (none),0
51-8011,Nuclear Power Reactor Operators,0.0,0.0,0.0,0.4545454545454546,0.3181818181818182,,,,51,Production,Q0 (none),0
51-8012,Power Distributors and Dispatchers,0.0,0.0,0.0,0.6666666666666666,0.375,,,4.0,51,Production,Q0 (none),0
51-8013,Power Plant Operators,0.0257,0.0177241379310344,0.0079758620689655,0.2278867102396513,0.1552287581699346,0.689655172413793,0.3103448275862068,1.0,51,Production,Q1 (low),0
51-8021,Stationary Engineers and Boiler Operators,0.0,0.0,0.0,0.1860465116279069,0.1627906976744186,,,1.0,51,Production,Q0 (none),0
51-8031,Water and Wastewater Treatment Plant and System Operators,0.0,0.0,0.0,0.125,0.125,,,,51,Production,Q0 (none),0
51-8091,Chemical Plant and System Operators,0.0,0.0,0.0,0.2727272727272727,0.1515151515151515,,,3.0,51,Production,Q0 (none),0
51-8092,Gas Plant Operators,0.0723,,,0.125,0.09375,,,2.0,51,Production,Q2,0
51-8093,"Petroleum Pump System Operators, Refinery Operators, and Gaugers",0.0405,0.0246375,0.0158624999999999,0.3414634146341463,0.1951219512195122,0.6083333333333334,0.3916666666666666,3.0,51,Production,Q1 (low),0
51-8099,"Plant and System Operators, All Other",0.0,0.0,0.0,0.1891891891891892,0.0945945945945946,0.34375,0.65625,3.0,51,Production,Q0 (none),0
51-9011,Chemical Equipment Operators and Tenders,0.0,0.0,0.0,0.217391304347826,0.1521739130434782,,,2.0,51,Production,Q0 (none),0
51-9012,"Separating, Filtering, Clarifying, Precipitating, and Still Machine Setters, Operators, and Tenders",0.0,0.0,0.0,0.1714285714285714,0.1428571428571428,,,,51,Production,Q0 (none),0
51-9021,"Crushing, Grinding, and Polishing Machine Setters, Operators, and Tenders",0.0425,,,0.1081081081081081,0.1081081081081081,,,1.0,51,Production,Q1 (low),0
51-9022,"Grinding and Polishing Workers, Hand",0.0,0.0,0.0,0.0357142857142857,0.0357142857142857,,,,51,Production,Q0 (none),0
51-9023,"Mixing and Blending Machine Setters, Operators, and Tenders",0.0,0.0,0.0,0.1111111111111111,0.1111111111111111,,,1.0,51,Production,Q0 (none),0
51-9031,"Cutters and Trimmers, Hand",0.0,0.0,0.0,0.0,0.0,,,,51,Production,Q0 (none),0
51-9032,"Cutting and Slicing Machine Setters, Operators, and Tenders",0.0321,0.01605,0.01605,0.0909090909090909,0.0681818181818181,0.5,0.5,1.0,51,Production,Q1 (low),0
51-9041,"Extruding, Forming, Pressing, and Compacting Machine Setters, Operators, and Tenders",0.0,0.0,0.0,0.075,0.075,,,,51,Production,Q0 (none),0
51-9051,"Furnace, Kiln, Oven, Drier, and Kettle Operators and Tenders",0.0,0.0,0.0,0.16,0.16,,,,51,Production,Q0 (none),0
51-9061,"Inspectors, Testers, Sorters, Samplers, and Weighers",0.0324,0.0161312588401697,0.0162687411598302,0.5625,0.4166666666666666,0.4978783592644978,0.5021216407355021,2.0,51,Production,Q1 (low),0
51-9071,Jewelers and Precious Stone and Metal Workers,0.0,0.0,0.0,0.3749999999999999,0.2053571428571428,,,4.0,51,Production,Q0 (none),0
51-9081,Dental Laboratory Technicians,0.0,0.0,0.0,0.0833333333333333,0.0416666666666666,,,,51,Production,Q0 (none),0
51-9082,Medical Appliance Technicians,0.0,0.0,0.0,0.2068965517241379,0.1379310344827586,,,,51,Production,Q0 (none),0
51-9083,Ophthalmic Laboratory Technicians,0.0,0.0,0.0,0.1875,0.09375,,,1.0,51,Production,Q0 (none),0
51-9111,Packaging and Filling Machine Operators and Tenders,0.0,0.0,0.0,0.0,0.0,,,,51,Production,Q0 (none),0
51-9123,"Painting, Coating, and Decorating Workers",0.0,0.0,0.0,0.0,0.0,,,,51,Production,Q0 (none),0
51-9124,"Coating, Painting, and Spraying Machine Setters, Operators, and Tenders",0.0,0.0,0.0,0.0652173913043478,0.0434782608695652,,,,51,Production,Q0 (none),0
51-9141,Semiconductor Processing Technicians,0.0,0.0,0.0,0.28125,0.234375,,,,51,Production,Q0 (none),0
51-9151,Photographic Process Workers and Processing Machine Operators,0.0108,0.006663829787234,0.0041361702127659,0.68,0.38,0.6170212765957447,0.3829787234042554,2.0,51,Production,Q1 (low),0
51-9161,Computer Numerically Controlled Tool Operators,0.0215,,,0.28,0.25,,,2.0,51,Production,Q1 (low),0
51-9162,Computer Numerically Controlled Tool Programmers,0.1207,0.0744728498024403,0.0462271501975596,0.8928571428571428,0.8035714285714285,0.6170078691171528,0.3829921308828471,2.0,51,Production,Q3,1
51-9191,Adhesive Bonding Machine Operators and Tenders,0.0,0.0,0.0,0.064516129032258,0.064516129032258,,,,51,Production,Q0 (none),0
51-9192,"Cleaning, Washing, and Metal Pickling Equipment Operators and Tenders",0.0,0.0,0.0,0.1052631578947368,0.1052631578947368,,,1.0,51,Production,Q0 (none),0
51-9193,Cooling and Freezing Equipment Operators and Tenders,0.0,0.0,0.0,0.08,0.08,,,,51,Production,Q0 (none),0
51-9194,Etchers and Engravers,0.0,0.0,0.0,0.2727272727272727,0.1363636363636363,,,1.0,51,Production,Q0 (none),0
51-9195,"Molders, Shapers, and Casters, Except Metal and Plastic",0.0,0.0,0.0,0.1192358366271409,0.0709815546772068,,,2.0,51,Production,Q0 (none),0
51-9196,"Paper Goods Machine Setters, Operators, and Tenders",0.0,0.0,0.0,0.0,0.0,,,,51,Production,Q0 (none),0
51-9197,Tire Builders,0.0,0.0,0.0,0.0384615384615384,0.0192307692307692,,,,51,Production,Q0 (none),0
51-9198,Helpers--Production Workers,0.0393,0.0152129032258064,0.0240870967741935,0.1333333333333333,0.0888888888888888,0.3870967741935483,0.6129032258064517,1.0,51,Production,Q1 (low),0
53-1041,Aircraft Cargo Handling Supervisors,0.0,0.0,0.0,0.5,0.3,,,,53,Transportation & Material Moving,Q0 (none),0
53-2011,"Airline Pilots, Copilots, and Flight Engineers",0.0,0.0,0.0,0.6136363636363636,0.3522727272727273,,,1.0,53,Transportation & Material Moving,Q0 (none),0
53-2012,Commercial Pilots,0.0,0.0,0.0,0.3636363636363636,0.2386363636363636,,,1.0,53,Transportation & Material Moving,Q0 (none),0
53-2021,Air Traffic Controllers,0.0,0.0,0.0,0.5909090909090909,0.3409090909090909,,,2.0,53,Transportation & Material Moving,Q0 (none),0
53-2022,Airfield Operations Specialists,0.0476,0.0192972972972972,0.0283027027027027,0.6341463414634146,0.3658536585365853,0.4054054054054054,0.5945945945945947,2.0,53,Transportation & Material Moving,Q2,0
53-2031,Flight Attendants,0.0913,0.0,0.0913,0.1875,0.1666666666666666,0.0,1.0,1.0,53,Transportation & Material Moving,Q2,0
53-3011,"Ambulance Drivers and Attendants, Except Emergency Medical Technicians",0.0,0.0,0.0,0.0909090909090909,0.0909090909090909,,,,53,Transportation & Material Moving,Q0 (none),0
53-3031,Driver/Sales Workers,0.0281,0.0,0.0281,0.5,0.3333333333333333,0.0,1.0,1.0,53,Transportation & Material Moving,Q1 (low),0
53-3032,Heavy and Tractor-Trailer Truck Drivers,0.0,0.0,0.0,0.3653846153846154,0.2788461538461538,,,1.0,53,Transportation & Material Moving,Q0 (none),0
53-3033,Light Truck Drivers,0.0,0.0,0.0,0.5,0.3653846153846154,,,,53,Transportation & Material Moving,Q0 (none),0
53-3051,"Bus Drivers, School",0.0,0.0,0.0,0.3529411764705882,0.3235294117647059,,,3.0,53,Transportation & Material Moving,Q0 (none),0
53-3052,"Bus Drivers, Transit and Intercity",0.0,0.0,0.0,0.2592592592592592,0.2407407407407407,,,,53,Transportation & Material Moving,Q0 (none),0
53-3053,Shuttle Drivers and Chauffeurs,0.0,0.0,0.0,0.3076923076923077,0.25,,,5.0,53,Transportation & Material Moving,Q0 (none),0
53-3054,Taxi Drivers,0.0,0.0,0.0,0.3125,0.28125,,,2.0,53,Transportation & Material Moving,Q0 (none),0
53-4011,Locomotive Engineers,0.0,0.0,0.0,0.3571428571428571,0.2857142857142857,,,1.0,53,Transportation & Material Moving,Q0 (none),0
53-4013,"Rail Yard Engineers, Dinkey Operators, and Hostlers",0.0,0.0,0.0,0.2045454545454545,0.2045454545454545,,,1.0,53,Transportation & Material Moving,Q0 (none),0
53-4022,"Railroad Brake, Signal, and Switch Operators and Locomotive Firers",0.0,0.0,0.0,0.2499999999999999,0.1666666666666666,,,1.0,53,Transportation & Material Moving,Q0 (none),0
53-4031,Railroad Conductors and Yardmasters,0.0,0.0,0.0,0.4722222222222222,0.2777777777777778,,,1.0,53,Transportation & Material Moving,Q0 (none),0
53-4041,Subway and Streetcar Operators,0.0,0.0,0.0,0.4090909090909091,0.4090909090909091,,,1.0,53,Transportation & Material Moving,Q0 (none),0
53-5011,Sailors and Marine Oilers,0.0,0.0,0.0,0.0638297872340425,0.0425531914893617,,,,53,Transportation & Material Moving,Q0 (none),0
53-5021,"Captains, Mates, and Pilots of Water Vessels",0.0,0.0,0.0,0.3272727272727272,0.2636363636363636,,,1.0,53,Transportation & Material Moving,Q0 (none),0
53-5022,Motorboat Operators,0.0,0.0,0.0,0.0,0.0,,,,53,Transportation & Material Moving,Q0 (none),0
53-5031,Ship Engineers,0.0,0.0,0.0,0.21875,0.171875,,,,53,Transportation & Material Moving,Q0 (none),0
53-6011,Bridge and Lock Tenders,0.0,0.0,0.0,0.2857142857142857,0.2857142857142857,,,,53,Transportation & Material Moving,Q0 (none),0
53-6021,Parking Attendants,0.0,0.0,0.0,0.1785714285714285,0.1071428571428571,,,2.0,53,Transportation & Material Moving,Q0 (none),0
53-6031,Automotive and Watercraft Service Attendants,0.0,0.0,0.0,0.1304347826086956,0.1304347826086956,,,1.0,53,Transportation & Material Moving,Q0 (none),0
53-6041,Traffic Technicians,0.0,0.0,0.0,0.8148148148148148,0.4629629629629629,,,4.0,53,Transportation & Material Moving,Q0 (none),0
53-6051,Transportation Inspectors,0.0,0.0,0.0,0.6381313131313131,0.4125757575757576,,,1.0,53,Transportation & Material Moving,Q0 (none),0
53-6061,Passenger Attendants,0.1169,0.0,0.1169,0.2777777777777778,0.2222222222222222,0.0,1.0,2.0,53,Transportation & Material Moving,Q3,1
53-7011,Conveyor Operators and Tenders,0.0,0.0,0.0,0.1379310344827586,0.1034482758620689,,,1.0,53,Transportation & Material Moving,Q0 (none),0
53-7021,Crane and Tower Operators,0.0,0.0,0.0,0.2631578947368421,0.1842105263157894,,,,53,Transportation & Material Moving,Q0 (none),0
53-7031,Dredge Operators,0.0,0.0,0.0,0.0,0.0,,,,53,Transportation & Material Moving,Q0 (none),0
53-7041,Hoist and Winch Operators,0.0,0.0,0.0,0.0,0.0,,,,53,Transportation & Material Moving,Q0 (none),0
53-7051,Industrial Truck and Tractor Operators,0.0,0.0,0.0,0.0625,0.03125,,,,53,Transportation & Material Moving,Q0 (none),0
53-7061,Cleaners of Vehicles and Equipment,0.0,0.0,0.0,0.1111111111111111,0.0833333333333333,,,,53,Transportation & Material Moving,Q0 (none),0
53-7062,"Laborers and Freight, Stock, and Material Movers, Hand",0.0,0.0,0.0,0.0417391304347826,0.0417391304347826,,,,53,Transportation & Material Moving,Q0 (none),0
53-7063,Machine Feeders and Offbearers,0.0,0.0,0.0,0.0909090909090909,0.0909090909090909,,,,53,Transportation & Material Moving,Q0 (none),0
53-7064,"Packers and Packagers, Hand",0.0,0.0,0.0,0.1,0.1,,,,53,Transportation & Material Moving,Q0 (none),0
53-7065,Stockers and Order Fillers,0.0,0.0,0.0,0.2545454545454545,0.1818181818181818,,,1.0,53,Transportation & Material Moving,Q0 (none),0
53-7071,Gas Compressor and Gas Pumping Station Operators,0.0,0.0,0.0,0.3076923076923077,0.2692307692307693,,,,53,Transportation & Material Moving,Q0 (none),0
53-7072,"Pump Operators, Except Wellhead Pumpers",0.0,0.0,0.0,0.3333333333333333,0.2499999999999999,,,,53,Transportation & Material Moving,Q0 (none),0
53-7073,Wellhead Pumpers,0.0,0.0,0.0,0.0,0.0,,,,53,Transportation & Material Moving,Q0 (none),0
53-7081,Refuse and Recyclable Material Collectors,0.0,0.0,0.0,0.2142857142857142,0.1964285714285714,,,,53,Transportation & Material Moving,Q0 (none),0
53-7121,"Tank Car, Truck, and Ship Loaders",0.0,0.0,0.0,0.0714285714285714,0.0714285714285714,,,,53,Transportation & Material Moving,Q0 (none),0
