occ_code,entry_rate_baseline,entry_rate_recent,exit_rate_baseline,exit_rate_recent,entry_sample_n_baseline,entry_sample_n_recent,young_employment_baseline,young_employment_recent,median_weekly_wage_baseline,median_weekly_wage_recent,wage_sample_n_baseline,wage_sample_n_recent,title,soc_major_label,ai_exposure,automation_exposure,augmentation_exposure,theoretical_exposure,entry_rate_change_pp,exit_rate_change_pp,wage_growth,young_employment_growth,employment_wage_interaction,joint_pattern
15-1251,0.1676914906192969,0.18366867548194024,0.16028802080553822,0.09019172982936767,566.0,188.0,69309.24769696969,53562.5930725,1335.2685185185185,1220.3095238095239,216.0,84.0,Computer Programmers,Computer & Mathematical,0.7451,0.343197849775733,0.401902150224267,1.0,1.597718486264335,-7.009629097617055,-0.08609428973622602,-0.22719413567027014,0.01956011774276768,fewer entrants + lower wages
43-4051,0.16170412691769936,0.1479812405518628,0.1549859545154425,0.14009667899861306,6071.0,2429.0,735686.2636772727,683214.1687333334,619.3305439330544,676.6817713697219,2390.0,971.0,Customer Service Representatives,Office & Administrative Support,0.7011,0.2450718124869591,0.4560281875130408,1.0,-1.3722886365836573,-1.4889275516829448,0.09260196836483936,-0.07132401070214567,-0.006604743782693557,fewer entrants + higher wages
43-9021,0.18589313095337118,0.1746567317477687,0.13535324775465166,0.15810882882664481,490.0,170.0,60980.178269128795,49269.62160666667,646.6792452830189,800.0,212.0,63.0,Data Entry Keyers,Office & Administrative Support,0.6707,0.6707,0.0,0.9285714285714284,-1.1236399205602488,2.275558107199316,0.23708933885744288,-0.19203874102792828,-0.045530338145327205,fewer entrants + higher wages
29-2072,0.17701680798497196,0.2010482844567677,0.1883967195221295,0.17157104420320196,192.0,65.0,23355.023905871214,15931.627103333332,717.3783783783783,887.3846153846154,74.0,26.0,Medical Records Specialists,Healthcare Practitioners & Technical,0.6674,0.3654624970913888,0.3019375029086111,1.0,2.4031476471795736,-1.6825675318927535,0.23698266093624576,-0.31785010507618083,-0.07532496367981865,fewer entrants + higher wages
13-1161,0.11729173849945913,0.148570941465051,0.10775799244147516,0.11889646097683093,1194.0,596.0,141629.9533742424,167546.03288666668,1082.3133640552996,1154.0,434.0,235.0,Market Research Analysts and Marketing Specialists,Business & Financial Operations,0.6483,0.2794565108441589,0.3688434891558411,1.0,3.1279202965591875,1.1138468535355772,0.06623463991620593,0.18298445275868813,0.012119909338735703,more entrants + higher wages
31-9094,0.10427823731473676,0.10322691719859305,0.12362431379396309,0.07956896532250426,163.0,99.0,21891.790421969697,27198.915744166665,403.1746031746032,525.2941176470588,63.0,34.0,Medical Transcriptionists,Healthcare Support,0.6365,0.4463700902026174,0.1901299097973826,0.9285714285714284,-0.10513201161437141,-4.405534847145883,0.3028948587308937,0.24242536676538595,0.07342939721918668,more entrants + higher wages
13-2051,0.09197726604363961,0.11611690552227487,0.11682489398342565,0.07000161297057064,698.0,348.0,89086.89923768939,100882.05499166666,1405.3584905660377,1504.087591240876,265.0,137.0,Financial and Investment Analysts,Business & Financial Operations,0.5716,0.1793771272377523,0.3922228727622476,0.9230769230769232,2.413963947863526,-4.6823281012855,0.0702518975319053,0.13240056456008276,0.009301390894641347,more entrants + higher wages
15-1253,0.14296750292726687,0.15618956127667138,0.11843403622118778,0.12357651240507665,92.0,43.0,11306.608115227273,13208.957040000001,1058.0,,16.0,,Software Quality Assurance Analysts and Testers,Computer & Mathematical,0.5195,0.201485431592484,0.318014568407516,0.9473684210526316,1.3222058349404513,0.5142476183888869,,0.1682510710007472,,insufficient data
43-9111,0.10962606672377448,0.15142028872401314,0.15102183880557105,0.19716005213486412,53.0,32.0,10012.177297380953,11947.897974305555,1154.0,,14.0,,Statistical Assistants,Office & Administrative Support,0.5099,0.2614793210309059,0.248420678969094,0.9565217391304348,4.1794222000238666,4.613821332929308,,0.19333663592143546,,insufficient data
15-1212,0.09554807154100436,0.07217586782611832,0.10248596430743254,0.08511560054161892,264.0,162.0,30654.9500405303,49379.36719583333,1487.157894736842,1864.6153846153845,95.0,65.0,Information Security Analysts,Computer & Mathematical,0.4859,0.1611132229514374,0.3247867770485625,0.9565217391304348,-2.3372203714886046,-1.7370363765813621,0.253811307605192,0.6108121895663385,0.15503104053502278,more entrants + higher wages
15-1254,0.10217900367034105,0.0888824077098446,0.1232940891396847,0.15774046924405186,123.0,62.0,15388.373125378788,15179.692851666667,1243.5238095238096,1154.0,42.0,11.0,Web Developers,Computer & Mathematical,0.4802,0.1878704544947993,0.2923295455052007,1.0,-1.3296595960496456,3.4446380104367154,-0.0719920349237958,-0.013560905497408404,0.0009762771821677203,fewer entrants + lower wages
27-3042,0.17204882148333106,0.06306082965222125,0.12886921001657503,0.14919218511882912,71.0,11.0,11553.089019583334,10281.81241,924.0,,10.0,,Technical Writers,"Arts, Design, Entertainment, Sports, & Media",0.4747,0.2007980131796274,0.2739019868203725,0.9333333333333332,-10.898799183110981,2.032297510225409,,-0.11003780957875653,,insufficient data
27-3031,0.1021934027487045,0.16415830054021738,0.08979297913132073,0.0834113660570959,356.0,129.0,35590.98558352273,33894.19612916667,1072.5774647887324,928.3728813559322,142.0,59.0,Public Relations Specialists,"Arts, Design, Entertainment, Sports, & Media",0.453,0.1762716884920901,0.2767283115079099,0.9393939393939394,6.196489779151287,-0.6381613074224829,-0.13444677719497344,-0.04767469702051774,0.006409709368155413,fewer entrants + lower wages
43-6014,0.14609343411811854,0.159480209683629,0.14314672504710213,0.1425525099132542,2345.0,823.0,259589.95786969695,210663.42869416665,681.8547008547008,816.8770764119602,936.0,301.0,"Secretaries and Administrative Assistants, Except Legal, Medical, and Executive",Office & Administrative Support,0.4528,0.1999255422764531,0.2528744577235468,0.903846153846154,1.3386775565510463,-0.05942151338479418,0.1980222111661174,-0.18847620137944365,-0.03732247414934786,fewer entrants + higher wages
43-9061,0.21411512869737895,0.1881824412890839,0.19441624743628944,0.1964338073952034,2228.0,1014.0,270154.6249914773,281240.12239416665,585.7620650953984,714.4328358208955,891.0,402.0,"Office Clerks, General",Office & Administrative Support,0.4504,0.1483314789218326,0.3020685210781673,0.7878787878787878,-2.5932687408295045,0.2017559958913978,0.21966388469444764,0.04103389828339643,0.009013665501087686,more entrants + higher wages
41-3031,0.127574138204278,0.09583352924480473,0.14740528111194298,0.0743807680365454,323.0,157.0,41541.70860075758,48181.66406833334,1457.117117117117,1398.2142857142858,111.0,56.0,"Securities, Commodities, and Financial Services Sales Agents",Sales & Related,0.4413,0.1771254239699388,0.2641745760300611,1.0,-3.1740608959473255,-7.302451307539758,-0.040424225829814975,0.1598382852133018,-0.006461338937712887,more entrants + lower wages
43-4171,0.14532570284764743,0.14751203490736284,0.15377476400438642,0.13246839417860762,3261.0,1488.0,377401.46359469695,409047.6206875,567.6622361219703,652.1833616298811,1279.0,589.0,Receptionists and Information Clerks,Office & Administrative Support,0.4338,0.172939733703869,0.2608602662961309,0.8666666666666667,0.21863320597154123,-2.13063698257788,0.1488933385552007,0.08385276726639512,0.01248511846538582,more entrants + higher wages
27-3091,0.2587907204234868,0.25634111637210694,0.22767342666690799,0.14268203745009594,92.0,34.0,13337.986060454547,10542.331748571429,600.0,,14.0,,Interpreters and Translators,"Arts, Design, Entertainment, Sports, & Media",0.4304,0.2664744807369678,0.1639255192630322,0.88,-0.2449604051379839,-8.499138921681205,,-0.2096009321955945,,insufficient data
15-2031,0.1279203439934196,0.1432919549316606,0.11295145478574656,0.04840800214075496,261.0,111.0,24985.023637310605,24270.147623333334,1178.9454545454546,1353.6363636363637,110.0,44.0,Operations Research Analysts,Computer & Mathematical,0.4288,0.1659894938803219,0.2628105061196781,1.0,1.537161093824102,-6.454345264499159,0.14817556522007336,-0.028612180814979626,-0.0042396260644385455,fewer entrants + higher wages
25-3041,0.22056530470994085,0.2361761413878782,0.2613835600504843,0.23809916021115352,547.0,256.0,66984.24066193182,68351.036915,268.3298969072165,242.23655913978496,194.0,93.0,Tutors,Educational Instruction & Library,0.4077,0.1640752427519089,0.243624757248091,0.9142857142857144,1.5610836677937363,-2.3284399839330785,-0.09724349790382891,0.02040474355701627,-0.001984228637314878,more entrants + lower wages
41-3041,0.19179003309043338,0.2943328214198985,0.1910280687633193,0.12950089535783374,45.0,20.0,7964.845653174602,9515.86665,,,,,Travel Agents,Sales & Related,0.4054,0.2036231354923714,0.2017768645076285,1.0,10.254278832946515,-6.152717340548556,,0.19473334002488762,,insufficient data
43-4161,0.1744771866899511,0.18992261356331436,0.15542525176239308,0.10948309971331259,97.0,57.0,13062.565554545454,21183.793733333332,1000.0,980.24,26.0,25.0,"Human Resources Assistants, Except Payroll and Timekeeping",Office & Administrative Support,0.4046,0.1618271048754951,0.2427728951245048,0.9655172413793104,1.5445426873363255,-4.594215204908049,-0.01976,0.6217176974060727,-0.012285141700743997,more entrants + lower wages
11-3031,0.13106114338011984,0.08960828976041728,0.1114875295619017,0.08563703131208733,1125.0,604.0,129798.99886685607,152741.94348333334,1042.0814479638009,1249.8602620087336,442.0,229.0,Financial Managers,Management,0.3907,0.134715463546678,0.255984536453322,0.9701104613385316,-4.145285361970257,-2.585049824981436,0.19938826706005264,0.176757485163745,0.03524336865669208,more entrants + higher wages
43-2011,0.02081234711146398,0.10715952306467606,0.0,0.0,23.0,9.0,7194.59425,6797.468183333333,,,,,"Switchboard Operators, Including Answering Service",Office & Administrative Support,0.3863,0.1790061216582719,0.207293878341728,0.7419354838709677,8.63471759532121,0.0,,-0.0551978406102146,,insufficient data
43-4111,0.15744420004834234,0.11186891221261186,0.19283917356522348,0.11490076640373188,434.0,164.0,47901.72154223485,44551.49248166667,637.5056179775281,747.6923076923077,178.0,65.0,"Interviewers, Except Eligibility and Loan",Office & Administrative Support,0.3851,0.2224385938707236,0.1626614061292763,0.8275862068965517,-4.557528783573048,-7.79384071614916,0.17284034306135898,-0.06993963792333213,-0.012088391012255959,fewer entrants + higher wages
11-3131,0.09270906660341001,0.08218291083143618,0.11043066208617422,0.19311461388949225,68.0,30.0,10166.09158063492,7700.189288383839,,,,,Training and Development Managers,Management,0.3777,0.193651811211113,0.1840481887888869,0.9090909090909092,-1.0526155771973826,8.268395180331803,,-0.24256148714500114,,insufficient data
27-1024,0.122277577382268,0.12000201250430191,0.08603427857310778,0.11791529142053678,539.0,222.0,69827.32244034091,57720.975509166674,897.7872340425532,1085.0,188.0,74.0,Graphic Designers,"Arts, Design, Entertainment, Sports, & Media",0.3672,0.1733135645613905,0.1938864354386094,1.0,-0.22755648779660825,3.1881012847429,0.20852687458526864,-0.17337549984846778,-0.036153451113059704,fewer entrants + higher wages
43-6013,0.09776687628167795,0.14204866519889792,0.06987420030144266,0.22454489684778858,92.0,60.0,16047.616042500002,13090.462063333332,722.3809523809524,857.1428571428571,21.0,21.0,Medical Secretaries and Administrative Assistants,Office & Administrative Support,0.3623,0.2016394895348654,0.1606605104651346,1.0,4.428178891721997,15.46706965463459,0.1865524060646011,-0.18427372460401814,-0.03437670669936527,fewer entrants + higher wages
13-2052,0.14548759744934986,0.10977962491356413,0.11417661065766241,0.15988782760576192,664.0,298.0,77537.38748731061,77114.62349416668,1244.9077490774907,1333.4234234234234,271.0,111.0,Personal Financial Advisors,Business & Financial Operations,0.3504,0.0975798653683619,0.252820134631638,0.9473684210526316,-3.5707972535785726,4.571121694809952,0.07110219565387488,-0.005452388929316432,-0.0003876768244332783,fewer entrants + higher wages
13-2011,0.08417939266276857,0.08753127798010016,0.08007570609148747,0.09905852364439507,2397.0,1074.0,290519.07798484847,285413.6145533334,1152.8275132275132,1406.2886597938145,945.0,388.0,Accountants and Auditors,Business & Financial Operations,0.3478,0.1543751744925376,0.1934248255074623,1.0,0.33518853173315905,1.8982817552907607,0.21986042461521316,-0.017573590921906246,-0.0038637371621043624,fewer entrants + higher wages
27-3092,0.0,0.0,0.3490767694484156,0.0,8.0,7.0,3121.371908333333,5774.198383333333,,,,,Court Reporters and Simultaneous Captioners,"Arts, Design, Entertainment, Sports, & Media",0.3431,0.2771685783256237,0.0659314216743762,1.0,0.0,-34.90767694484156,,0.8498911866021392,,insufficient data
15-1221,0.16161536535827475,0.24248249946068648,0.12327909297793492,0.19639741672674382,119.0,42.0,13255.995572159092,10608.39748,1939.1176470588234,2200.0,34.0,11.0,Computer and Information Research Scientists,Computer & Mathematical,0.3404,0.1014640616616361,0.2389359383383637,0.8846153846153847,8.086713410241172,7.311832374880891,0.1345366297588353,-0.19972834765573633,-0.026870778760903737,fewer entrants + higher wages
15-1244,0.09918225860980671,0.13154358127677732,0.05711779396417778,0.129848317871983,224.0,46.0,27192.141717500002,11762.215777777777,1170.659793814433,1250.0,97.0,10.0,Network and Computer Systems Administrators,Computer & Mathematical,0.3373,0.1383321814619991,0.1989678185380008,0.918918918918919,3.23613226669706,7.2730523907805225,0.06777392253905634,-0.5674406267819652,-0.03845767708503449,fewer entrants + higher wages
41-9031,0.06509961102063244,0.21839284638479176,0.05216668148573633,0.18583530950086202,50.0,27.0,11743.436220535714,8944.272750694445,,,,,Sales Engineers,Sales & Related,0.3224,0.0818962522440302,0.2405037477559698,0.8636363636363636,15.32932353641593,13.36686280151257,,-0.23835983074071454,,insufficient data
41-2031,0.17570227546563624,0.15563561864598918,0.1709207837919147,0.15994288288175518,6730.0,2842.0,794640.2633503788,756126.7422483333,491.04783599088836,585.9032846715329,2634.0,1096.0,Retail Salespersons,Sales & Related,0.3222,0.1020085389731654,0.2201914610268345,0.6052631578947368,-2.006665681964706,-1.0977900910159515,0.19316946685903869,-0.04846661172146505,-0.009362269546699439,fewer entrants + higher wages
11-2021,0.11747796907728764,0.1287380722379821,0.10847229237021039,0.11455732791187383,953.0,416.0,116840.90000662878,116558.48332583331,1133.650429799427,1350.516129032258,349.0,155.0,Marketing Managers,Management,0.3195,0.0539578148644257,0.2655421851355743,0.9375,1.1260103160694452,0.6085035541663439,0.1912985639419731,-0.0024171046335611512,-0.00046238864529773733,fewer entrants + higher wages
41-3021,0.1174467331606182,0.09833055689977942,0.13523602439297722,0.0893478625174434,752.0,357.0,87322.30016628788,100067.52552916667,714.4155844155844,970.9545454545455,308.0,132.0,Insurance Sales Agents,Sales & Related,0.3188,0.07056306158979,0.2482369384102099,1.0,-1.911617626083878,-4.588816187553382,0.3590892564988186,0.1459561342132314,0.05241127971607104,more entrants + higher wages
19-4031,0.1305105924015939,0.1392199581371393,0.11283054098185634,0.1991242517758481,172.0,50.0,20356.47720833333,16072.236668333333,998.6206896551724,1020.0,58.0,12.0,Chemical Technicians,"Life, Physical, & Social Science",0.3148,0.1303102662042212,0.1844897337957787,0.6428571428571428,0.8709365735545399,8.629371079399178,0.02140883977900554,-0.21046080302372538,-0.0045057216116957816,fewer entrants + higher wages
15-1299,0.18365743897515466,0.161011877523808,0.17269134592922328,0.17875162937512262,1383.0,652.0,163013.55249905304,176303.27066583332,975.1760154738878,1101.776,517.0,250.0,"Computer Occupations, All Other",Computer & Mathematical,0.3106,0.120917780921077,0.1896822190789229,0.994949494949495,-2.2645561451346663,0.6060283445899345,0.12982270125315876,0.0815252349454656,0.010583826220918758,more entrants + higher wages
43-3031,0.17593222227631394,0.1339250337751049,0.15293658326666407,0.12717819806582692,1212.0,531.0,140078.33043219696,139826.99566249998,696.5168539325842,800.0,445.0,211.0,"Bookkeeping, Accounting, and Auditing Clerks",Office & Administrative Support,0.3104,0.1724712650325017,0.1379287349674982,1.0,-4.2007188501209045,-2.575838520083715,0.14857235037909344,-0.0017942444696587012,-0.00026657511801188327,fewer entrants + higher wages
43-3011,0.12147455959846495,0.12071385248609494,0.14104122817228892,0.08712060748868711,164.0,56.0,20897.441571969695,16483.26318,646.9433962264151,1109.0,53.0,26.0,Bill and Account Collectors,Office & Administrative Support,0.2989,0.2015932926770856,0.0973067073229143,1.0,-0.07607071123700154,-5.392062068360182,0.7142148856742885,-0.21123056507982063,-0.15086401388939943,fewer entrants + higher wages
23-2011,0.14493267182588135,0.1437701048744931,0.15422980292620733,0.136307359336504,700.0,378.0,82634.40430227273,97246.33011583333,843.8992248062016,998.7058823529412,258.0,136.0,Paralegals and Legal Assistants,Legal,0.2927,0.1980210801293489,0.094678919870651,0.8500000000000001,-0.11625669513882497,-1.7922443589703323,0.18344211369822072,0.1768261771466384,0.03243736769295536,more entrants + higher wages
15-1252,0.06999096642387541,0.060298252545978974,0.06529783804004939,0.053680249933244426,3612.0,1751.0,456911.78465833334,494539.49749333336,1764.453125,1968.2563338301043,1408.0,671.0,Software Developers,Computer & Mathematical,0.288,0.1068071414268004,0.1811928585731995,0.9473684210526316,-0.9692713877896435,-1.1617588106804966,0.11550502869273127,0.08235224850489908,0.009512098826469305,more entrants + higher wages
41-9041,0.2112775978433888,0.2189906295782828,0.21301245404944666,0.2694488544008126,88.0,33.0,12845.890911079545,10309.952301666668,510.6666666666667,,27.0,,Telemarketers,Sales & Related,0.2852,0.0864799999999999,0.19872,1.0,0.7713031734894016,5.643640035136596,,-0.19741243538240205,,insufficient data
13-1151,0.15824492946876015,0.061033695282569654,0.13820383580617215,0.18379992322665398,198.0,87.0,20354.815562083335,23143.407670833334,864.15,1037.837837837838,80.0,37.0,Training and Development Specialists,Business & Financial Operations,0.2793,0.1121537886329015,0.1671462113670984,1.0,-9.72112341861905,4.559608742048182,0.20099269552489485,0.13699913419724363,0.0275358252668808,more entrants + higher wages
15-1211,0.11213605501392779,0.11023749216866394,0.11644618908232379,0.0983764612773257,789.0,428.0,91283.69261231061,116485.77367166665,1345.1242236024846,1446.7484662576687,322.0,163.0,Computer Systems Analysts,Computer & Mathematical,0.2763,0.0908701998302883,0.1854298001697116,0.9407308377896612,-0.18985628452638514,-1.806972780499809,0.07555007996437402,0.276085249600839,0.02085826268432755,more entrants + higher wages
41-1011,0.10243357098364772,0.08032187653755574,0.10101601787690404,0.09620757666306869,4777.0,1904.0,531207.5466424242,488835.90844333335,679.8307063631057,784.4857142857143,1713.0,700.0,First-Line Supervisors of Retail Sales Workers,Sales & Related,0.2627,0.0805357664233576,0.1821642335766423,0.8918918918918919,-2.2111694446091983,-0.4808441213835349,0.1539427491919012,-0.07976475196353483,-0.012279205205876652,fewer entrants + higher wages
15-1255,0.14561382821037722,0.1503004290255825,0.11774851802864625,0.22016186701765358,185.0,55.0,21203.395365340908,13834.442008585858,924.7096774193549,1390.0,62.0,13.0,Web and Digital Interface Designers,Computer & Mathematical,0.249,0.0970096150314402,0.1519903849685597,1.0,0.46866008152052774,10.241334898900734,0.5031744924300565,-0.34753647846421565,-0.17487149115216097,fewer entrants + higher wages
43-4181,0.10834156359922688,0.1474823371213253,0.1308349999803168,0.07180826822487116,215.0,101.0,26265.902639015152,27838.98513611111,698.7142857142857,708.2666666666667,84.0,45.0,Reservation and Transportation Ticket Agents and Travel Clerks,Office & Administrative Support,0.2467,0.0804239859227041,0.1662760140772958,0.7999999999999999,3.9140773522098424,-5.902673175544565,0.013671369181489812,0.059890669615112024,0.0008187874548348308,more entrants + higher wages
27-3043,0.19017262035039684,0.11996132666506626,0.15422012254461134,0.15279536279519168,369.0,134.0,38482.01271382576,32733.016485833337,997.6814159292036,1029.8260869565217,113.0,46.0,Writers and Authors,"Arts, Design, Entertainment, Sports, & Media",0.2462,0.1201427936674285,0.1260572063325714,0.9444444444444444,-7.021129368533058,-0.1424759749419663,0.03221937435546973,-0.1493943747367178,-0.004813393286243641,fewer entrants + higher wages
27-3041,0.14144528354598743,0.10320265231391235,0.08570767048967023,0.15135646369926478,136.0,66.0,16091.023165719696,18628.005536666664,513.6428571428571,884.0,28.0,14.0,Editors,"Arts, Design, Entertainment, Sports, & Media",0.246,0.106605298367656,0.139394701632344,0.9411764705882352,-3.824263123207508,6.564879320959455,0.7210401891252955,0.15766445333021162,0.11368240724755212,more entrants + higher wages
43-3061,0.14742041763127367,0.17690274999485336,0.10021642929705947,0.19238700854219357,42.0,28.0,7250.249378769841,12657.290339583335,,,,,Procurement Clerks,Office & Administrative Support,0.2436,,,0.9714285714285714,2.9482332363579693,9.21705792451341,,0.7457731008048323,,insufficient data
13-1111,0.10068438460575616,0.09065021333732655,0.11047366539219332,0.0742161607076548,1465.0,670.0,161394.09822481062,159091.09712916665,1433.2427536231885,1625.1452282157677,552.0,241.0,Management Analysts,Business & Financial Operations,0.2435,0.101268691588785,0.1422313084112149,0.7142857142857142,-1.0034171268429606,-3.6257504684538517,0.133893908835371,-0.014269425716150086,-0.0019105891859712981,fewer entrants + higher wages
19-3011,0.19151047392383352,0.0564185981558154,0.11622893072763828,0.030823425832688787,53.0,29.0,4755.862647929293,5429.119513636364,,,,,Economists,"Life, Physical, & Social Science",0.2418,0.0656747755761757,0.1761252244238242,1.0,-13.509187576801812,-8.540550489494949,,0.14156356386789404,,insufficient data
43-9022,0.3047727275192056,0.14530792482384422,0.32572660696371947,0.14454538706971173,46.0,32.0,6695.127953263889,11744.78620595238,,,,,Word Processors and Typists,Office & Administrative Support,0.2385,0.1556595085594667,0.0828404914405332,0.7837837837837838,-15.946480269536137,-18.118121989400773,,0.7542287896419919,,insufficient data
43-6011,0.15344757512072232,0.10311251602476898,0.1326722364533459,0.12815397229518227,233.0,80.0,25106.513741666666,22814.359794545457,951.7319587628866,1169.6969696969697,97.0,33.0,Executive Secretaries and Executive Administrative Assistants,Office & Administrative Support,0.2336,0.1170210005319122,0.1165789994680877,0.918918918918919,-5.033505909595334,-0.4518264158163615,0.22901932516525547,-0.0912971817077558,-0.02090881894419994,fewer entrants + higher wages
41-1012,0.116820892467899,0.10798067570345589,0.12892639524448316,0.12722415224156486,1036.0,436.0,121949.37749280303,106850.64713416666,931.3871866295265,997.5342465753424,359.0,146.0,First-Line Supervisors of Non-Retail Sales Workers,Sales & Related,0.2295,0.0,0.2295,0.9629629629629628,-0.8840216764443118,-0.17022430029182967,0.07101993767510018,-0.12381145905830837,-0.008793082105784278,fewer entrants + higher wages
43-5032,0.1246239885217246,0.1189402202645079,0.12309074605415231,0.10338640488858135,292.0,144.0,37219.21119488636,43276.27530666666,699.8518518518518,932.2448979591836,108.0,49.0,"Dispatchers, Except Police, Fire, and Ambulance",Office & Administrative Support,0.2258,,,1.0,-0.5683768257216698,-1.970434116557096,0.33206034318892663,0.16274026013244725,0.05403958663023563,more entrants + higher wages
27-3023,0.08664698451624944,0.09428922055823769,0.09740620337742543,0.044579669178797646,214.0,54.0,21789.53105252525,14823.252966363638,721.566265060241,931.1111111111111,83.0,27.0,"News Analysts, Reporters, and Journalists","Arts, Design, Entertainment, Sports, & Media",0.2098,0.0627268913672629,0.147073108632737,1.0,0.7642236041988243,-5.282653419862779,0.2904027754587113,-0.31970757284169593,-0.09284396648839661,fewer entrants + higher wages
41-2021,0.22208774517250277,0.207585355601136,0.221765315601191,0.17218892402975272,164.0,64.0,18019.67743939394,17823.94062083333,584.169014084507,840.0,71.0,28.0,Counter and Rental Clerks,Sales & Related,0.2048,0.065151663044923,0.1396483369550769,0.8064516129032258,-1.4502389571366763,-4.957639157143828,0.43794001350178413,-0.010862393026675243,-0.0047570765487638415,fewer entrants + higher wages
25-4022,0.13168659937597682,0.05500473975437687,0.1262955458176291,0.07871404340789075,165.0,81.0,16814.727367613636,21718.228779166668,626.7058823529412,620.6666666666666,68.0,33.0,Librarians and Media Collections Specialists,Educational Instruction & Library,0.2032,0.0770286541921571,0.1261713458078429,0.912280701754386,-7.6681859621599955,-4.758150240973837,-0.009636443276390794,0.291619441954053,-0.0028101742106829693,more entrants + lower wages
43-4131,0.0659526164412736,0.04263468974367556,0.09568524051150394,0.04968351215494335,243.0,53.0,32728.80484602273,18042.234913333334,735.9191919191919,950.0,99.0,15.0,Loan Interviewers and Clerks,Office & Administrative Support,0.2022,0.0949102040816326,0.1072897959183673,1.0,-2.3317926697598046,-4.60017283565606,0.2909026023937631,-0.44873529607281515,-0.1305382654135177,fewer entrants + higher wages
11-3061,0.08405201757168627,0.1158875918513455,0.0905371268365983,0.16587954125005966,145.0,85.0,18556.32045625,16247.428823333335,1267.1290322580646,1644.8387096774193,62.0,31.0,Purchasing Managers,Management,0.2004,0.1133492977975528,0.0870507022024472,0.9428571428571428,3.183557427965923,7.534241441346136,0.2980830426923957,-0.1244261564872362,-0.03708932731623554,fewer entrants + higher wages
15-1241,0.09048783848562487,0.13628946644440937,0.07798522098112441,0.06158083100958752,84.0,28.0,12129.223245151516,9794.667775,1350.0,,12.0,,Computer Network Architects,Computer & Mathematical,0.1987,0.0539438110693035,0.1447561889306964,0.915558510638298,4.580162795878449,-1.640438997153689,,-0.19247361706238864,,insufficient data
27-4021,0.20156790742638153,0.13373479483303613,0.15842408044511067,0.14045137671634894,339.0,140.0,38340.822236742424,39509.25718083333,723.8095238095239,800.0,84.0,22.0,Photographers,"Arts, Design, Entertainment, Sports, & Media",0.195,0.0846485673329867,0.1103514326670132,0.7291666666666666,-6.78331125933454,-1.7972703728761723,0.10526315789473673,0.030474957914991885,0.0032078903068412474,more entrants + higher wages
43-3021,0.10741860477534136,0.07574304318383232,0.1344725700363064,0.10043764022062678,576.0,235.0,72502.16115549242,57516.69635166667,688.1361702127659,750.0,235.0,85.0,Billing and Posting Clerks,Office & Administrative Support,0.1924,0.0641572800630613,0.1282427199369386,0.8571428571428571,-3.1675561591509043,-3.403492981567961,0.08990056396556856,-0.20668990503175533,-0.01858153902834461,fewer entrants + higher wages
43-1011,0.114524056141237,0.1142860324308843,0.11599218214406735,0.14330650831147593,1103.0,489.0,126107.2596375,126993.25861166666,830.8909952606635,922.2010582010582,422.0,189.0,First-Line Supervisors of Office and Administrative Support Workers,Office & Administrative Support,0.1856,0.0519222448667575,0.1336777551332424,0.8958333333333333,-0.02380237103526972,2.7314326167408574,0.10989415393983082,0.0070257570952974024,0.0007720896317744714,more entrants + higher wages
13-1199,0.13615545268125143,0.15874098502121614,0.14624125149962883,0.15222925828560263,755.0,412.0,78112.40197878788,103180.55534333334,968.4876325088339,866.3790849673203,283.0,153.0,"Business Operations Specialists, All Other",Business & Financial Operations,0.1846,0.0785499753007353,0.1060500246992646,0.9415292353823088,2.2585532339964716,0.5988006785973804,-0.1054309256144087,0.32092411357869843,-0.0338353263465858,more entrants + lower wages
11-9151,0.10786031164815156,0.1443394492173364,0.11790650930286979,0.11189195518930924,523.0,233.0,51942.5349467803,55546.13514083333,831.989417989418,882.3157894736842,189.0,95.0,Social and Community Service Managers,Management,0.1808,0.0486865754511203,0.1321134245488796,0.7142857142857142,3.6479137569184847,-0.6014554113560555,0.060489196612481644,0.0693766716958506,0.004196539134529898,more entrants + higher wages
43-9081,0.2667785963121309,0.7814088534602387,0.1887842003960464,0.7814470065442846,12.0,4.0,2914.23685,3730.1202125,,,,,Proofreaders and Copy Markers,Office & Administrative Support,0.1781,0.0774635687732342,0.1006364312267657,1.0,51.46302571481078,59.26628061482382,,0.27996467153999527,,insufficient data
41-9091,0.2572920775481883,0.3177390542470853,0.20238550920208623,0.3166645506681834,99.0,76.0,13080.945442727272,27313.49332166667,400.0,480.0,13.0,25.0,"Door-to-Door Sales Workers, News and Street Vendors, and Related Workers",Sales & Related,0.1758,0.0355785714285714,0.1402214285714285,0.3478260869565217,6.044697669889704,11.427904146609716,0.19999999999999996,1.088036636285521,0.21760732725710413,more entrants + higher wages
11-2011,0.12198084230824939,0.058417931278247535,0.15562157250889266,0.020186351285488242,123.0,61.0,15070.790417916667,18076.64539888889,1025.490909090909,1520.0,55.0,14.0,Advertising and Promotions Managers,Management,0.1731,0.0669456299881227,0.1061543700118772,0.9534883720930232,-6.356291103000186,-13.543522122340443,0.48221694266160764,0.19944905991120154,0.09617771588711142,more entrants + higher wages
43-4081,0.1800444252219326,0.24742046454703043,0.12602820325665046,0.1172259259563539,376.0,134.0,42453.41320056818,31217.7551525,440.4625,649.5555555555555,160.0,54.0,"Hotel, Motel, and Resort Desk Clerks",Office & Administrative Support,0.1725,0.0993594476157185,0.0731405523842814,0.7948717948717948,6.737603932509783,-0.8802277300296563,0.47471250232552276,-0.2646585327541533,-0.12563671434552542,fewer entrants + higher wages
23-1012,0.13561278558765033,0.15378225742109392,0.1835675612405611,0.15279700588820655,85.0,37.0,6425.518725928031,7135.193846464646,1350.0,,13.0,,Judicial Law Clerks,Legal,0.1704,0.0790036363636363,0.0913963636363636,0.896551724137931,1.8169471833443585,-3.077055535235454,,0.11044635473132458,,insufficient data
13-2041,0.04235218663664019,0.05147694433615242,0.08010846703956502,0.025925211778821778,92.0,54.0,14227.179388373015,13256.87473318182,1000.0,1116.0,14.0,11.0,Credit Analysts,Business & Financial Operations,0.1685,,,1.0,0.912475769951223,-5.418325526074325,0.1160000000000001,-0.0682007746373231,-0.007911289857929486,fewer entrants + higher wages
23-1011,0.06362457756982229,0.05012678443942549,0.04863431082265043,0.0495109255905715,814.0,342.0,74576.99021136363,77321.30531833332,1489.5081967213114,1837.65625,305.0,128.0,Lawyers,Legal,0.1673,0.0414847045294091,0.1258152954705909,0.8500000000000001,-1.3497793130396798,0.08766147679210717,0.23373355987233113,0.03679841596170408,0.008601024760391906,more entrants + higher wages
11-9141,0.1504289186110919,0.15796687759271408,0.12412927030549697,0.0973472210660935,662.0,271.0,76648.86056249999,67412.81235166667,871.8861788617886,935.0721649484536,246.0,97.0,"Property, Real Estate, and Community Association Managers",Management,0.1653,0.0748011508661137,0.0904988491338863,0.8863636363636364,0.7537958981622184,-2.6782049239403474,0.07247045270192465,-0.12049818018236802,-0.008732557667574296,fewer entrants + higher wages
13-1081,0.15381757622419434,0.1177482050014094,0.13266285651566373,0.12190211495410071,219.0,112.0,27953.900444318184,34919.48216083333,897.2307692307693,892.1428571428571,91.0,42.0,Logisticians,Business & Financial Operations,0.1571,0.064072841818019,0.0930271581819809,0.9696969696969696,-3.6069371222784947,-1.0760741561563023,-0.005670683911424779,0.2491810304036104,-0.001413026860142002,more entrants + lower wages
43-4071,0.22499423888055783,0.2080268237761544,0.20028492575139556,0.13399442661544061,241.0,88.0,29970.66544659091,26426.8851875,646.9494949494949,758.0,99.0,40.0,File Clerks,Office & Administrative Support,0.1568,0.0329022950819672,0.1238977049180327,0.9117647058823528,-1.6967415104403445,-6.629049913595495,0.17165251061703724,-0.11824162748091416,-0.02029647221654338,fewer entrants + higher wages
11-3021,0.1273038547230533,0.14156221045549588,0.132727021296448,0.12338921674446714,417.0,140.0,50397.37532234848,33429.649275,1256.6482758620689,1763.5555555555557,145.0,45.0,Computer and Information Systems Managers,Management,0.1559,0.0516677440211717,0.1042322559788283,0.9393939393939394,1.425835573244258,-0.9337804551980868,0.4033803964325222,-0.33667876429716015,-0.13580961341260017,fewer entrants + higher wages
21-2021,0.18755246964371014,0.09682681380649265,0.05581819000199633,0.15320975934334533,90.0,43.0,9997.333761363636,12597.513655,791.84,1154.0,25.0,13.0,"Directors, Religious Activities and Education",Community & Social Service,0.153,0.0622776889763997,0.0907223110236002,0.7272727272727273,-9.07256558372175,9.739156934134899,0.45736512426752873,0.26008733485373803,0.11895487622579025,more entrants + higher wages
41-3011,0.19624672931451245,0.040908958301124045,0.19185529592771086,0.08957034187009828,197.0,104.0,23768.33599128788,26890.334355833336,977.2619047619048,1568.3157894736842,84.0,38.0,Advertising Sales Agents,Sales & Related,0.1482,,,0.8974358974358974,-15.533777101338842,-10.228495405761258,0.6048060216322264,0.1313511541443122,0.0794419689748228,more entrants + higher wages
43-9041,0.15483610243361187,0.17647838983076705,0.12117668584410263,0.15601091047990343,472.0,169.0,56570.58168068182,43409.20542500001,698.3915343915344,800.0,189.0,65.0,Insurance Claims and Policy Processing Clerks,Office & Administrative Support,0.1467,0.0914056735181133,0.0552943264818866,1.0,2.1642287397155178,3.4834224635800797,0.14548925725021977,-0.23265407327738796,-0.033848668317365375,fewer entrants + higher wages
17-2061,0.13950376359539793,0.12949506165182642,0.15391324226069272,0.20499713029517214,99.0,45.0,13541.325168939393,16347.091810909093,1500.0,,14.0,,Computer Hardware Engineers,Architecture & Engineering,0.1453,0.0554614524474474,0.0898385475525526,0.9090909090909092,-1.0008701943571507,5.108388803447942,,0.20720030033733083,,insufficient data
11-1021,0.07181252914986494,0.0912113534527227,0.08240941104725351,0.08399858742990136,1192.0,525.0,135209.7751350379,144141.80898,1014.8695652173913,1193.36,437.0,200.0,General and Operations Managers,Management,0.1378,0.0631212903225806,0.0746787096774193,0.9615384615384616,1.9398824302857762,0.15891763826478555,0.17587524633707474,0.06606056282573824,0.011618417760142516,more entrants + higher wages
11-3013,0.1907579246669142,0.14001489052313937,0.24641134964377595,0.2599226492690633,35.0,40.0,6741.057029097223,8991.993735416667,,,,,Facilities Managers,Management,0.1345,,,0.7646103896103895,-5.074303414377485,1.3511299625287325,,0.33391450281513113,,insufficient data
17-2031,0.13639087112290885,0.07598861440878976,0.1795800995368797,0.06311756222765776,66.0,20.0,10292.902417045454,7021.294714285714,1154.0,,10.0,,Bioengineers and Biomedical Engineers,Architecture & Engineering,0.1328,0.0,0.1328,0.9487179487179488,-6.040225671411909,-11.646253730922194,,-0.3178508422796109,,insufficient data
29-1031,0.07303040509502809,0.06968067473996813,0.06834925774327834,0.08754401556424488,171.0,69.0,18726.87138844697,17218.797408333332,854.140350877193,1267.037037037037,57.0,27.0,Dietitians and Nutritionists,Healthcare Practitioners & Technical,0.1328,0.0522034203371079,0.0805965796628921,0.951219512195122,-0.3349730355059963,1.9194757820966537,0.48340613546216793,-0.08052994805336255,-0.03892867097744512,fewer entrants + higher wages
43-4041,0.08513595349834203,0.17880977624733005,0.13277868352798325,0.1426894963842438,72.0,21.0,9517.10479151515,7939.284377777778,943.9047619047619,,21.0,,"Credit Authorizers, Checkers, and Clerks",Office & Administrative Support,0.1296,0.0774093165630257,0.0521906834369742,0.95,9.367382274898802,0.9910812856260554,,-0.16578785757870995,,insufficient data
13-2082,0.12667087405856106,0.17973150594186207,0.15827268182576773,0.11625925326118988,132.0,66.0,17836.1579925,15177.847280833334,1066.0,784.4,42.0,25.0,Tax Preparers,Business & Financial Operations,0.1283,0.0128125024420663,0.1154874975579336,1.0,5.306063188330102,-4.201342856457785,-0.2641651031894935,-0.14904054521071586,0.039371311005007126,fewer entrants + lower wages
11-9081,0.11746670576969145,0.1020341397596496,0.18153950708841313,0.12742434903131666,131.0,61.0,12321.733166098486,16214.039138333334,796.7307692307693,940.952380952381,52.0,21.0,Lodging Managers,Management,0.1215,,,0.8695652173913043,-1.543256601004185,-5.411515805709646,0.1810167465489696,0.3158894872795963,0.05718128725637464,more entrants + higher wages
13-1041,0.10758773932306825,0.12690319973101083,0.06875372849315226,0.09900118287359118,306.0,134.0,31203.294645265152,36623.0881725,906.5299145299145,1158.125,117.0,48.0,Compliance Officers,Business & Financial Operations,0.1211,0.0397990137519605,0.0813009862480395,0.8183125008857741,1.9315460407942575,3.0247454380438925,0.2775364402624829,0.17369298943748746,0.04820613398702931,more entrants + higher wages
11-9021,0.16612351399903433,0.11752786483783711,0.13653603433454192,0.09204686370765514,1007.0,507.0,115482.42742594697,136743.687705,1136.6728971962616,1368.2278481012659,321.0,158.0,Construction Managers,Management,0.1186,0.0405477592578878,0.0780522407421121,0.8444444444444444,-4.859564916119721,-4.448917062688679,0.20371291642139266,0.18410818643976623,0.037505215596698276,more entrants + higher wages
21-1012,0.13235536074971338,0.0811386588874729,0.1068347214888304,0.08808419733337271,540.0,233.0,66488.12945227273,60678.63110416666,855.5355450236967,840.3541666666666,211.0,96.0,"Educational, Guidance, and Career Counselors and Advisors",Community & Social Service,0.1182,0.0400814108100008,0.0781185891899991,0.5263157894736842,-5.121670186224048,-1.8750524155457693,-0.01774488324340706,-0.08737647450702168,0.0015504853383476334,fewer entrants + lower wages
13-1011,0.2292033917114759,0.17328910238979559,0.18126943164897372,0.2802288984699657,44.0,24.0,11058.525540625,6570.566827777779,,,,,"Agents and Business Managers of Artists, Performers, and Athletes",Business & Financial Operations,0.118,0.0427892588738923,0.0752107411261076,0.9130434782608696,-5.591428932168033,9.895946682099197,,-0.4058369894214282,,insufficient data
53-6061,0.219627492315366,0.20050027309653407,0.172703612242196,0.23185307369514482,23.0,10.0,8104.759373333333,6347.7622125,,,,,Passenger Attendants,Transportation & Material Moving,0.1169,0.0,0.1169,0.2777777777777778,-1.9127219218831926,5.914946145294883,,-0.2167858513621379,,insufficient data
21-2011,0.0902171194466254,0.06494327402970755,0.07488482459600453,0.08225811159642844,298.0,111.0,28802.602798484848,29246.345428333334,811.4018691588785,680.1052631578947,107.0,38.0,Clergy,Community & Social Service,0.1116,0.0451264328993121,0.0664735671006879,0.4761904761904761,-2.5273845416917853,0.7373287000423917,-0.16181452248451134,0.015406337856099128,-0.0024929692034197305,more entrants + lower wages
37-1012,0.1487904976816411,0.09744222627687682,0.13368241031151554,0.10551880790017695,267.0,124.0,26843.843086363635,28355.861598333337,732.84375,962.0,64.0,17.0,"First-Line Supervisors of Landscaping, Lawn Service, and Groundskeeping Workers",Building & Grounds Cleaning & Maintenance,0.1083,0.0307432258064516,0.0775567741935483,0.5636363636363636,-5.134827140476428,-2.816360241133858,0.31269455460321516,0.056326454714592966,0.017612975669357815,more entrants + higher wages
49-2011,0.1580014279562927,0.20128953721718892,0.17186726799761387,0.208385054555362,301.0,94.0,34817.170027272725,22456.855250833334,744.1904761904761,849.5151515151515,105.0,33.0,"Computer, Automated Teller, and Office Machine Repairers","Installation, Maintenance, & Repair",0.1067,0.0458921639618828,0.0608078360381171,0.4489795918367346,4.328810926089622,3.6517786557748124,0.14152919003187758,-0.3550063019699017,-0.05024375437401233,fewer entrants + higher wages
13-1121,0.13579611716945802,0.15263479371415972,0.16636315016289432,0.1038413367263757,301.0,165.0,34256.87601477273,49828.660025833335,871.6896551724138,755.7014925373135,116.0,67.0,"Meeting, Convention, and Event Planners",Business & Financial Operations,0.1023,0.0425653846153846,0.0597346153846153,0.8648648648648649,1.6838676544701698,-6.252181343651862,-0.13306130449851306,0.4545593709229505,-0.060484262867031256,more entrants + lower wages
43-4031,0.05021028334067182,0.24343234951012713,0.10167279053824765,0.16829905855934052,110.0,41.0,14079.45967858586,8093.438168333333,655.5744680851063,,47.0,,"Court, Municipal, and License Clerks",Office & Administrative Support,0.102,0.0495833333333333,0.0524166666666666,0.9636363636363636,19.322206616945532,6.662626802109287,,-0.4251598887247754,,insufficient data
51-5111,0.2286960368999506,0.0,0.24168816200484147,0.3664950868205593,21.0,3.0,3399.460670277778,3793.2875,,,,,Prepress Technicians and Workers,Production,0.1018,0.0431355932203389,0.058664406779661,0.8125,-22.86960368999506,12.480692481571785,,0.11584979734154177,,insufficient data
49-1011,0.10220774141587527,0.09315432314878264,0.10845938199205332,0.04843407863829415,213.0,77.0,20497.157301136365,18539.100755833333,1016.8101265822785,891.875,79.0,32.0,"First-Line Supervisors of Mechanics, Installers, and Repairers","Installation, Maintenance, & Repair",0.1015,0.0397544378167057,0.0617455621832942,0.7948717948717948,-0.9053418267092633,-6.002530335375917,-0.12286967184543374,-0.09552820015653962,0.011737518605218935,fewer entrants + lower wages
27-2011,0.17085688931763068,0.1718594732633981,0.2053155116512596,0.28910595258897975,62.0,42.0,10028.61775625,16854.31630571429,,,,,Actors,"Arts, Design, Entertainment, Sports, & Media",0.1011,0.0782523742518216,0.0228476257481783,0.21875,0.10025839457674102,8.379044093772015,,0.6806220673043801,,insufficient data
43-4121,0.14706556008331337,0.1177536795856929,0.11178464385022278,0.14420528346190145,186.0,92.0,20873.152759848486,24769.053356666667,267.5890410958904,240.0,73.0,30.0,"Library Assistants, Clerical",Office & Administrative Support,0.0978,0.0429197293173314,0.0548802706826685,0.7413793103448276,-2.931188049762047,3.2420639611678665,-0.10310228319852566,0.1866464851592673,-0.01924367877090019,more entrants + lower wages
19-3051,0.07214270764896018,0.0,0.10244124748711071,0.0509261376390247,64.0,19.0,9421.995298333333,9320.5523075,770.0,,12.0,,Urban and Regional Planners,"Life, Physical, & Social Science",0.0959,,,0.9545454545454546,-7.214270764896018,-5.151510984808602,,-0.010766614461299673,,insufficient data
11-3071,0.12241677620091537,0.13359999963974964,0.1449742951733291,0.1562528560328559,359.0,170.0,42079.48536723485,42318.28342416667,989.4285714285714,1034.6129032258063,140.0,62.0,"Transportation, Storage, and Distribution Managers",Management,0.0956,0.0266009139113539,0.068999086088646,0.9551948051948052,1.1183223438834267,1.1278560859526805,0.04566709826460347,0.005674928171002902,0.00025915750242975593,more entrants + higher wages
29-1171,0.08081848068139637,0.05752394120050308,0.049170322650015925,0.11283239833949144,116.0,78.0,12645.36902030303,17964.9473925,1706.5,2212.1428571428573,40.0,28.0,Nurse Practitioners,Healthcare Practitioners & Technical,0.0944,0.0306120343460778,0.0637879656539221,0.9259259259259258,-2.329453948089329,6.3662075689475515,0.2963040475492864,0.420674032023582,0.12464741838746547,more entrants + higher wages
43-5061,0.1347397883273847,0.10737572910367875,0.12000247793613322,0.13001629927349306,351.0,162.0,42527.065761363636,45938.070824166665,991.4571428571429,1110.1290322580646,140.0,62.0,"Production, Planning, and Expediting Clerks",Office & Administrative Support,0.0934,0.067178216839896,0.0262217831601039,0.9230769230769232,-2.7364059223705954,1.001382133735984,0.11969442174670064,0.08020786296293148,0.00960043377688669,more entrants + higher wages
29-1131,0.02484242801954282,0.0,0.015809255668981535,0.0,67.0,27.0,9088.810596117424,9178.389304464286,1730.0,,10.0,,Veterinarians,Healthcare Practitioners & Technical,0.0926,0.0258118466898954,0.0667881533101045,0.4594594594594595,-2.4842428019542817,-1.5809255668981534,,0.009855933006803763,,insufficient data
27-2012,0.1271358948666183,0.13877455355757543,0.08714287124848538,0.13304609631478123,295.0,137.0,33019.55917878788,30821.983269999997,1006.5504587155963,1080.093023255814,109.0,43.0,Producers and Directors,"Arts, Design, Entertainment, Sports, & Media",0.092,0.0428775807769103,0.0491224192230897,0.8453355155482816,1.1638658690957122,4.590322506629585,0.0730639620730602,-0.0665537627831092,-0.0048626815998045365,fewer entrants + higher wages
21-1022,0.16706754131085436,0.11531504731372051,0.12920158425711875,0.0867969651643449,87.0,58.0,8957.170251818183,16446.154627083335,616.0,1010.0,10.0,20.0,Healthcare Social Workers,Community & Social Service,0.0916,,,0.65625,-5.175249399713384,-4.240461909277385,0.6396103896103895,0.8360882024928566,0.5347707009451063,more entrants + higher wages
53-2031,0.09417542186174219,0.035596981256192275,0.06251978762734704,0.05057585604074053,119.0,89.0,14557.943427777776,27869.30371666667,833.8867924528302,553.7647058823529,53.0,34.0,Flight Attendants,Transportation & Material Moving,0.0913,0.0,0.0913,0.1875,-5.857844060554991,-1.194393158660651,-0.3359234000415262,0.9143709312326149,-0.30715859211879654,more entrants + lower wages
29-1051,0.0663834874547286,0.09636330264187802,0.056615496302322404,0.1046187458374183,422.0,207.0,48605.75732784091,53707.41957416666,1569.5209580838323,1297.142857142857,167.0,70.0,Pharmacists,Healthcare Practitioners & Technical,0.0896,0.0076039603960395,0.0819960396039604,0.7428571428571429,2.9979815187149415,4.800324953509589,-0.1735421878491582,0.10496004026674366,-0.018214995024626437,more entrants + lower wages
17-2141,0.06604519725802031,0.08204564588854565,0.08196110972747615,0.06861082139691298,788.0,348.0,93911.32409469697,92544.00040166666,1417.7124183006536,1711.904761904762,306.0,126.0,Mechanical Engineers,Architecture & Engineering,0.0813,0.0290935471588011,0.0522064528411988,0.8564037087703298,1.6000448630525341,-1.3350288330563176,0.2075120030032207,-0.01455973181308301,-0.0030213191117225697,fewer entrants + higher wages
17-1011,0.08112534548715299,0.10242212707946916,0.11123025380683613,0.09466721206496295,227.0,89.0,25310.893987878786,25913.718488333332,1175.076923076923,1013.8181818181819,91.0,33.0,"Architects, Except Landscape and Naval",Architecture & Engineering,0.0784,0.0281019573200263,0.0502980426799736,0.9069767441860463,2.129678159231617,-1.6563041741873175,-0.13723249779809088,0.023816800020703965,-0.0032684389563988276,more entrants + lower wages
17-2011,0.08314593740575298,0.10447457011372752,0.08750027084160056,0.08270896249762164,278.0,123.0,33718.100503333335,37780.65199,1596.826923076923,1730.0,104.0,52.0,Aerospace Engineers,Architecture & Engineering,0.0753,0.03396992481203,0.0413300751879699,0.9285714285714284,2.132863270797454,-0.4791308343978923,0.0833985668693924,0.12048577547436401,0.010048341002709345,more entrants + higher wages
43-4151,0.21030798971499684,0.1451087439664026,0.22308823780712073,0.1439701474009335,232.0,115.0,28109.63173465909,32111.169639166663,628.7058823529412,671.8604651162791,85.0,43.0,Order Clerks,Office & Administrative Support,0.0748,,,1.0,-6.519924574859423,-7.9118090406187225,0.06864033560785399,0.14235468974763155,0.00977127367962936,more entrants + higher wages
29-2052,0.10067021912493555,0.06252127471193529,0.1074549508578423,0.08375981836792656,860.0,428.0,101460.20564640152,116154.41793,608.4813753581661,654.4642857142857,349.0,168.0,Pharmacy Technicians,Healthcare Practitioners & Technical,0.0735,0.0735,0.0,0.5588235294117647,-3.8148944413000265,-2.369513248991574,0.07556995533191624,0.1448273457557263,0.010944596049600226,more entrants + higher wages
35-9031,0.1956557619606563,0.1452130744530435,0.18668029984200105,0.1844518326723774,671.0,328.0,83088.53491022727,106704.67648666666,358.7719298245614,410.1666666666667,285.0,120.0,"Hosts and Hostesses, Restaurant, Lounge, and Coffee Shop",Food Preparation & Serving,0.0734,0.0292248899559824,0.0441751100440176,0.3999999999999999,-5.04426875076128,-0.22284671696236324,0.14325183374083128,0.2842286436023378,0.04071627439770408,more entrants + higher wages
11-9199,0.14153455394265835,0.13019069109279896,0.13636814695107596,0.15007566686019874,4151.0,1838.0,454460.8299774621,460634.0889516667,1040.5393258426966,1122.556438791733,1335.0,629.0,"Managers, All Other",Management,0.0686,0.025236825785672,0.0433631742143279,0.91125694749159,-1.1343862849859387,1.3707519909122778,0.07882173303023743,0.013583698675440736,0.0010706906705587795,more entrants + higher wages
13-2031,0.045411353102510384,0.0497371031804414,0.00210977167027455,0.06942521437293075,63.0,37.0,6526.779706818182,13219.60353015873,962.0,1500.0,10.0,10.0,Budget Analysts,Business & Financial Operations,0.0672,0.0,0.0672,0.96,0.4325750077931019,6.73154427026562,0.5592515592515592,1.0254404352500068,0.5734791623331639,more entrants + higher wages
39-9041,0.22723885866079147,0.18581469994608024,0.17815664137641407,0.2041930792309906,111.0,65.0,13506.761703977272,17090.82438611111,423.14285714285717,256.0,42.0,14.0,Residential Advisors,Personal Care & Service,0.067,0.0321862745098039,0.034813725490196,0.38,-4.142415871471123,2.6036437854576517,-0.3950033760972317,0.26535321794256994,-0.10481541694557964,more entrants + lower wages
17-2199,0.1243957533352337,0.12244137734366244,0.1120207723038757,0.10792446784510486,1008.0,515.0,118401.99260208334,131481.4309375,1422.211055276382,1652.4083769633507,398.0,191.0,"Engineers, All Other",Architecture & Engineering,0.0659,0.0229971070533134,0.0429028929466865,0.8478464810043758,-0.19543759915712638,-0.4096304458770836,0.1618587626871133,0.11046637010048532,0.017879949983001284,more entrants + higher wages
11-9111,0.12161848721367788,0.14400509975117182,0.107611542655636,0.11340550682117223,559.0,258.0,61324.679166477275,66711.40831249999,974.9519230769231,1059.4157303370787,208.0,89.0,Medical and Health Services Managers,Management,0.0659,0.0156901332777473,0.0502098667222526,0.8571428571428571,2.238661253749394,0.5793964165536236,0.08663381779235846,0.08783949984311268,0.007609871224380123,more entrants + higher wages
13-1141,0.12570009438062976,0.07792263342150031,0.16652075613195233,0.16055923954940177,59.0,24.0,9571.16140111111,10906.990597777778,600.0,,11.0,,"Compensation, Benefits, and Job Analysis Specialists",Business & Financial Operations,0.0649,0.0292186330133053,0.0356813669866946,0.8684210526315789,-4.777746095912945,-0.5961516582550563,,0.13956814023756747,,insufficient data
27-3011,0.3210437060762811,0.0,0.19473155524406915,0.4296386081162505,36.0,3.0,5861.546655892857,4239.414525,,,,,Broadcast Announcers and Radio Disc Jockeys,"Arts, Design, Entertainment, Sports, & Media",0.0634,0.0244811881188118,0.0389188118811881,0.9,-32.104370607628105,23.490705287218134,,-0.27674131524007584,,insufficient data
13-2053,0.12179935715923429,0.12695774795341244,0.08008139771157137,0.06022891671954076,155.0,49.0,20536.99179902778,16535.984915,1126.6415094339623,1125.0,53.0,22.0,Insurance Underwriters,Business & Financial Operations,0.0625,0.0625,0.0,1.0,0.5158390794178153,-1.985248099203061,-0.0014569935691318703,-0.19481951997551972,0.00028385078774569017,fewer entrants + lower wages
11-9121,0.1493833714765519,0.05451834060033292,0.1400985457080437,0.0379338002138292,30.0,39.0,6287.035680654762,13250.135450000002,,1200.0,,15.0,Natural Sciences Managers,Management,0.0613,0.023001039966315,0.0382989600336849,0.9498415323136284,-9.486503087621898,-10.21647454942145,,1.1075330446701188,,insufficient data
19-4021,0.16318822355075985,0.09521915991061078,0.2099682453604489,0.10151815465163774,86.0,47.0,7955.737287651515,9751.728781666667,,780.0,,11.0,Biological Technicians,"Life, Physical, & Social Science",0.0599,0.0181822804314329,0.041717719568567,0.6333333333333333,-6.796906364014907,-10.845009070881115,,0.22574796390056728,,insufficient data
43-4061,0.181537269093469,0.0,0.07425905669219159,0.04371230061249102,51.0,25.0,8839.61391813492,10532.723355555556,,,,,"Eligibility Interviewers, Government Programs",Office & Administrative Support,0.0597,0.0,0.0597,0.96,-18.1537269093469,-3.0546756079700566,,0.19153658215175384,,insufficient data
29-1141,0.07144700097743067,0.0664956933594229,0.07484038273668307,0.062491380598231124,5082.0,2342.0,567595.6620488636,596088.7266475,1132.2368421052631,1309.4162995594713,1976.0,908.0,Registered Nurses,Healthcare Practitioners & Technical,0.0595,0.019659415713691,0.0398405842863089,0.6908921729611385,-0.4951307618007772,-1.234900213845195,0.1564862146022059,0.05019958132834246,0.007855542456687887,more entrants + higher wages
19-3033,0.12088955183308425,1.0,0.14066655674351888,1.0,11.0,1.0,5963.570253174604,3835.5084,,,,,Clinical and Counseling Psychologists,"Life, Physical, & Social Science",0.0591,0.0125331635008656,0.0465668364991343,0.6481481481481481,87.91104481669157,85.93334432564811,,-0.3568435958378735,,insufficient data
27-1022,0.17397777790855604,0.2219517826007057,0.20178870322225265,0.17414293363476765,57.0,23.0,10283.750227272727,8945.9525875,,,,,Fashion Designers,"Arts, Design, Entertainment, Sports, & Media",0.0568,0.0347707634224569,0.022029236577543,0.78125,4.797400469214966,-2.764576958748499,,-0.13008849983781778,,insufficient data
35-1012,0.11545004641085116,0.09191856448013806,0.13302586394410248,0.12211148351766869,1297.0,530.0,147694.8546473485,134940.72149583334,543.8871595330739,695.4615384615385,514.0,208.0,First-Line Supervisors of Food Preparation and Serving Workers,Food Preparation & Serving,0.0564,,,0.8,-2.3531481930713096,-1.0914380426433792,0.27868718036769025,-0.0863546206939182,-0.024065925752909455,fewer entrants + higher wages
19-2041,0.1283449518643475,0.04069527490785564,0.16315735612485127,0.033125184819213914,90.0,76.0,11594.57111679293,16918.56742666667,1091.8333333333333,1184.7692307692307,24.0,26.0,"Environmental Scientists and Specialists, Including Health","Life, Physical, & Social Science",0.0548,0.0204201253692656,0.0343798746307343,0.9810659186535764,-8.764967695649185,-13.003217130563735,0.08511912450242476,0.459180098706951,0.03908500799087265,more entrants + higher wages
25-4031,0.19415344393176628,0.11804446205322826,0.21885871711814772,0.052625746004283165,67.0,33.0,9715.245467443183,9705.873802857142,,,,,Library Technicians,Educational Instruction & Library,0.054,0.02173217698712,0.0322678230128799,0.75,-7.6108981878538025,-16.623297111386456,,-0.0009646348738635568,,insufficient data
15-2011,0.05549497523482293,0.09382639567437386,0.06399142642041045,0.02976176089163731,99.0,47.0,13221.688721212122,12754.038301363636,1647.037037037037,,27.0,,Actuaries,Computer & Mathematical,0.0539,0.0116502604166666,0.0422497395833333,1.0,3.833142043955093,-3.4229665528773134,,-0.03536994628365542,,insufficient data
47-2221,0.17479764847447152,0.08660034620031988,0.1025801200338012,0.054734225292381165,91.0,49.0,12317.060727537879,13295.383714166666,1100.0,800.0,12.0,11.0,Structural Iron and Steel Workers,Construction & Extraction,0.0491,,,0.0571428571428571,-8.819730227415164,-4.7845894741420025,-0.2727272727272727,0.07942828311640149,-0.02166225903174586,more entrants + lower wages
43-3051,0.12192808275204717,0.1512959284821474,0.1209015422395125,0.0848130951295334,138.0,86.0,16555.522100833332,21857.23986,666.280701754386,844.7058823529412,57.0,34.0,Payroll and Timekeeping Clerks,Office & Administrative Support,0.0487,0.0142656565656565,0.0344343434343434,1.0,2.9367845730100233,-3.608844710997909,0.26779280883979273,0.32023863257684915,0.08575760291676879,more entrants + higher wages
47-4011,0.11764463690242384,0.09344063610858253,0.127569721138606,0.051256306180269696,96.0,63.0,11118.442438573233,17870.788625,780.0,871.2,11.0,25.0,Construction and Building Inspectors,Construction & Extraction,0.0481,0.02108090448059,0.0270190955194099,0.6682085786375105,-2.4204000793841316,-7.631341495833633,0.11692307692307691,0.6073104415237913,0.07100860547047405,more entrants + higher wages
31-9092,0.10838158293767754,0.09735912306889885,0.10987300816993076,0.10026324324430577,1526.0,714.0,177064.9806969697,210884.4747575,607.7090301003344,727.7963636363636,598.0,275.0,Medical Assistants,Healthcare Support,0.0476,,,0.5384615384615384,-1.1022459868778687,-0.9609764925624986,0.1976066301272541,0.19100046732791975,0.037742958701400924,more entrants + higher wages
19-3034,0.07037068487480683,0.0939428962872212,0.06811328115324927,0.12239223170230817,74.0,23.0,10011.203688541667,7492.151998412699,1058.0,,10.0,,School Psychologists,"Life, Physical, & Social Science",0.0467,0.0099035319033913,0.0367964680966086,0.7837837837837838,2.3572211412414377,5.42789505490589,,-0.25162325815148,,insufficient data
13-1131,0.14329093759751327,0.08894098632151824,0.09983433540382727,0.12241292928484782,133.0,56.0,12128.965406250001,12492.454317272728,969.3777777777777,1106.0,45.0,14.0,Fundraisers,Business & Financial Operations,0.0466,0.0163629632569495,0.0302370367430504,0.8846153846153847,-5.434995127599502,2.2578593881020543,0.14093805877768095,0.029968665821688445,0.004223725585065804,more entrants + higher wages
43-5031,0.07220742101705113,0.05090243944646178,0.04873923899356205,0.06128155640901577,184.0,104.0,22416.69422443182,24512.56821666667,801.012987012987,969.125,77.0,32.0,Public Safety Telecommunicators,Office & Administrative Support,0.0465,0.0188305785123966,0.0276694214876033,0.90625,-2.1304981570589354,1.2542317415453716,0.2098742663510491,0.09349612263304063,0.01962243014427712,more entrants + higher wages
37-2021,0.14775379016031698,0.14163518765526903,0.133650877588571,0.08428870540304784,219.0,94.0,23608.281117992425,25343.68806,722.9411764705883,897.6744186046511,85.0,43.0,Pest Control Workers,Building & Grounds Cleaning & Maintenance,0.046,,,0.3333333333333333,-0.6118602505047949,-4.936217218552316,0.24169773118625448,0.07350839874085469,0.017766813198799105,more entrants + higher wages
27-1021,0.08489672777287124,0.14645237495059732,0.1965301193530678,0.1378082708816121,12.0,15.0,3517.5443537499996,7813.858624999999,,,,,Commercial and Industrial Designers,"Arts, Design, Entertainment, Sports, & Media",0.0437,0.011346415621717,0.0323535843782829,0.9310344827586208,6.155564717772608,-5.87218484714557,,1.221395905546938,,insufficient data
37-1011,0.15401621068729393,0.09201194682077922,0.20090666811363916,0.13878250759869568,227.0,106.0,25117.13641344697,27615.5649425,752.2647058823529,850.0,68.0,11.0,First-Line Supervisors of Housekeeping and Janitorial Workers,Building & Grounds Cleaning & Maintenance,0.0436,0.0111754512635379,0.0324245487364621,0.3673469387755101,-6.200426386651471,-6.2124160514943485,0.12992141377018407,0.0994710737691995,0.012923422533332672,more entrants + higher wages
11-2022,0.10292768244369581,0.10771803648949624,0.06928576796454089,0.13152604657760567,429.0,175.0,49219.24102234849,43662.79504916666,1179.625,1421.9178082191781,192.0,73.0,Sales Managers,Management,0.0433,0.0152823529411764,0.0280176470588235,0.9,0.47903540458004296,6.224027861306477,0.2053981631613251,-0.11289174432126792,-0.02318775691966638,fewer entrants + higher wages
13-2061,0.11261697101214263,0.20268609192059103,0.0619590236401324,0.37456521231450735,32.0,4.0,9141.497272142857,4744.2889374999995,,,,,Financial Examiners,Business & Financial Operations,0.0428,0.0124453900709219,0.030354609929078,0.9393939393939394,9.00691209084484,31.260618867437493,,-0.48101620596032935,,insufficient data
43-5021,0.24080350912704054,0.20408873855511966,0.23128068889541184,0.181480708239758,1876.0,752.0,233528.1954585227,207323.999655,559.895061728395,632.0757575757576,648.0,264.0,Couriers and Messengers,Office & Administrative Support,0.0412,0.01545,0.02575,0.3793103448275862,-3.671477057192088,-4.979998065565383,0.12891825769018372,-0.11220998711556818,-0.014465916034377014,fewer entrants + higher wages
29-1129,0.1104810356059833,0.10855741840052448,0.12329737421446232,0.09749349474075264,471.0,270.0,57872.40106761364,72467.00126416667,940.7514450867052,1043.106796116505,173.0,103.0,"Therapists, All Other",Healthcare Practitioners & Technical,0.0402,,,0.6432624113475177,-0.1923617205458819,-2.5803879473709683,0.10880169418221408,0.25218584208216677,0.027438246867308044,more entrants + higher wages
51-9198,0.22131352917576327,0.1739596058305647,0.2569215695497948,0.1981774588848393,138.0,78.0,18155.387977424245,22059.0424775,534.2745098039215,660.0,51.0,30.0,Helpers--Production Workers,Production,0.0393,0.0152129032258064,0.0240870967741935,0.1333333333333333,-4.735392334519858,-5.874411066495547,0.23532002348796244,0.21501355437459369,0.05059699466565967,more entrants + higher wages
29-2035,0.4430358706603965,0.25421509827426536,0.38280625481373226,0.29208481122890867,73.0,39.0,9340.138442752526,9109.785275833332,730.0,1250.0,11.0,10.0,Magnetic Resonance Imaging Technologists,Healthcare Practitioners & Technical,0.039,0.0156614173228346,0.0233385826771653,0.6,-18.882077238613114,-9.072144358482358,0.7123287671232876,-0.02466271440525991,-0.01756796094621254,fewer entrants + higher wages
19-2021,0.10980878537704707,0.0,0.0,0.25934864477265906,20.0,1.0,4731.778364285714,5679.90715,,,,,Atmospheric and Space Scientists,"Life, Physical, & Social Science",0.038,0.0184242424242424,0.0195757575757575,0.9565217391304348,-10.980878537704706,25.934864477265908,,0.20037472441028226,,insufficient data
19-2099,0.11386924060066494,0.08822684858488514,0.0814613365011697,0.10222218538321781,785.0,395.0,91424.82218958333,95803.34897250001,1041.4889589905363,945.082191780822,317.0,146.0,"Physical Scientists, All Other","Life, Physical, & Social Science",0.0379,0.0262384615384615,0.0116615384615384,0.9130434782608696,-2.5642392015779807,2.0760848882048113,-0.09256628827170343,0.04789210061395743,-0.004433193991369009,more entrants + lower wages
33-3021,0.08065497326205952,0.12151983956327018,0.09217309470071526,0.1977927394011125,102.0,51.0,14019.107224924242,13235.704302499998,924.0,1154.0,13.0,11.0,Detectives and Criminal Investigators,Protective Service,0.0374,0.0116843273278846,0.0257156726721153,0.7064353946706888,4.086486630121067,10.561964470039724,0.24891774891774898,-0.05588108499744193,-0.01390979388464464,fewer entrants + higher wages
27-2041,0.1115256818271795,0.14744753173123157,0.1298717241343002,0.03376716164499012,55.0,30.0,10106.633779295635,12818.596997727273,,,,,Music Directors and Composers,"Arts, Design, Entertainment, Sports, & Media",0.0368,0.0167272727272727,0.0200727272727272,0.894736842105263,3.5921849904052077,-9.610456248931008,,0.2683349647028215,,insufficient data
17-2121,0.17997483180904086,0.0542825309429136,0.2125505179790547,0.13531130288557905,19.0,18.0,4930.206393452381,8067.58071875,,,,,Marine Engineers and Naval Architects,Architecture & Engineering,0.0358,0.0179,0.0179,0.7368421052631579,-12.569230086612727,-7.723921509347564,,0.6363576034999765,,insufficient data
17-2081,0.13850089861273132,0.15672359282708193,0.11632188794331719,0.033092984520389196,71.0,45.0,10097.389613888889,13067.733348863636,1440.0,1460.0,10.0,11.0,Environmental Engineers,Architecture & Engineering,0.0358,0.0173885714285714,0.0184114285714285,0.9814814814814814,1.8222694214350605,-8.3228903422928,0.01388888888888884,0.2941694684029088,0.004085687061151496,more entrants + higher wages
11-1011,0.11303569580641383,0.13132128264819098,0.1488025886630874,0.2157293882252259,373.0,173.0,42442.771248674246,45180.5159175,1512.967032967033,1719.4871794871794,91.0,39.0,Chief Executives,Management,0.0333,0.0073795469047803,0.0259204530952196,0.8822222222222222,1.8285586841777155,6.692679956213849,0.13650009684292064,0.06450438056424668,0.00880485419381228,more entrants + higher wages
51-9061,0.146874580570327,0.13339118312208223,0.14433332000834936,0.12355493996380534,1351.0,584.0,148606.38864375,150657.00581250002,737.7252747252747,837.8189655172414,546.0,232.0,"Inspectors, Testers, Sorters, Samplers, and Weighers",Production,0.0324,0.0161312588401697,0.0162687411598302,0.5625,-1.3483397448244783,-2.077838004454402,0.13567881462274833,0.013798983929728115,0.0018722297825838642,more entrants + higher wages
33-1011,0.13114296891989638,0.0,0.17325551437533915,0.0,56.0,19.0,9296.072434166666,8478.80039642857,,,,,First-Line Supervisors of Correctional Officers,Protective Service,0.0315,,,0.3478260869565217,-13.114296891989637,-17.325551437533914,,-0.08791584225767268,,insufficient data
11-9041,0.0545775060102222,0.20384818594117193,0.08779556371257785,0.20113438873942127,80.0,24.0,11195.251886868688,9128.762511111112,1810.0,,10.0,,Architectural and Engineering Managers,Management,0.0306,0.0087428571428571,0.0218571428571428,0.8334975369458129,14.927067993094973,11.333882502684341,,-0.18458623322101708,,insufficient data
39-5012,0.11888141938087429,0.12308404597961858,0.10014468136121878,0.10084890864669896,1269.0,493.0,142958.2434943182,133962.92423333332,558.0793650793651,654.7737226277372,378.0,137.0,"Hairdressers, Hairstylists, and Cosmetologists",Personal Care & Service,0.0304,,,0.1052631578947368,0.4202626598744291,0.07042272854801829,0.1732627357304659,-0.06292270414851853,-0.010902159860331056,fewer entrants + higher wages
49-2098,0.10831390860713894,0.1370005616129947,0.06304290874482286,0.10200759502921447,131.0,58.0,15710.484834722221,14543.833928333333,742.6896551724138,1120.0,29.0,10.0,Security and Fire Alarm Systems Installers,"Installation, Maintenance, & Repair",0.0303,0.0303,0.0,0.2666666666666666,2.868665300585577,3.8964686284391608,0.508032314978178,-0.0742593827410366,-0.03772616612277939,fewer entrants + higher wages
47-1011,0.1406917854984415,0.14456520865524902,0.10928748947873716,0.13826192696214845,687.0,342.0,70585.23568655303,78191.4286525,1010.8474576271186,1222.1311475409836,236.0,122.0,First-Line Supervisors of Construction Trades and Extraction Workers,Construction & Extraction,0.0296,,,0.8,0.3873423156807526,2.897443748341129,0.20901639344262302,0.10775897950845836,0.022523393257915483,more entrants + higher wages
47-2061,0.20578199494634375,0.19370470878481308,0.21236617005545128,0.19635195665932695,4024.0,1859.0,457125.9905933712,491326.5553883333,729.3452380952381,800.0,1512.0,715.0,Construction Laborers,Construction & Extraction,0.0281,,,0.1,-1.2077286161530671,-1.6014213396124326,0.09687423488125368,0.07481649588676431,0.007247790795526756,more entrants + higher wages
13-2081,0.05616401185015496,0.2655484230704876,0.12032441956494687,0.27337089250268465,52.0,7.0,7226.003960010822,4675.9947833333335,,,,,"Tax Examiners and Collectors, and Revenue Agents",Business & Financial Operations,0.0275,0.0026570048309178,0.0248429951690821,0.967741935483871,20.938441122033264,15.304647293773776,,-0.35289340980013373,,insufficient data
43-9071,0.15029863873287083,0.13102296228144966,0.22379592758559846,0.2233760122575322,67.0,18.0,9627.489833806818,8431.001961111111,,,,,"Office Machine Operators, Except Computer",Office & Administrative Support,0.0239,0.0119157593123209,0.011984240687679,0.5,-1.9275676451421169,-0.04199153280662615,,-0.124278279525599,,insufficient data
43-3071,0.1078547179552374,0.0766939373633528,0.12268306921255083,0.05218666358612897,867.0,445.0,89288.84870378788,111064.78119666668,612.2426035502958,700.7428571428571,338.0,175.0,Tellers,Office & Administrative Support,0.0231,,,0.7708333333333333,-3.116078059188461,-7.049640562642185,0.14455095591088019,0.2438818823291089,0.03525335922001749,more entrants + higher wages
29-1299,0.24779143513327634,0.029251538620739048,0.0767622203524993,0.0,11.0,9.0,6042.80413,4600.034833333333,,,,,"Healthcare Diagnosing or Treating Practitioners, All Other",Healthcare Practitioners & Technical,0.0222,0.0093834287741315,0.0128165712258684,0.796474358974359,-21.85398965125373,-7.67622203524993,,-0.23875824296602965,,insufficient data
31-9095,0.18606980314595328,0.19832281507169597,0.20080977653316992,0.24232497352243867,125.0,47.0,15285.419643636362,15089.84444277778,501.3658536585366,,41.0,,Pharmacy Aides,Healthcare Support,0.022,0.0,0.022,0.52,1.2253011925742685,4.151519698926876,,-0.012794885938247957,,insufficient data
23-2093,0.20977556685857196,0.15877614060727713,0.1657059705968379,0.2309318963760048,136.0,69.0,13560.01050965909,13913.286549545453,754.8253968253969,857.3913043478261,63.0,23.0,"Title Examiners, Abstractors, and Searchers",Legal,0.0216,0.01134,0.01026,0.9285714285714284,-5.099942625129483,6.522592577916692,0.13588030815311103,0.02605278510917941,0.0035400604688820806,more entrants + higher wages
17-3023,0.1252333587187652,0.09296213260654196,0.22973083418338955,0.048474569604136826,98.0,49.0,12408.575618484849,12278.267016666667,935.8181818181819,,22.0,,Electrical and Electronic Engineering Technologists and Technicians,Architecture & Engineering,0.0202,0.0069991228070175,0.0132008771929824,0.6226415094339622,-3.2271226112223244,-18.12562645792527,,-0.010501495564411378,,insufficient data
49-9021,0.08508574079714473,0.11250121121626355,0.10165768605197456,0.0746575022965844,836.0,489.0,95597.49908503788,126333.72965000001,937.6595744680851,980.2485875706215,329.0,177.0,"Heating, Air Conditioning, and Refrigeration Mechanics and Installers","Installation, Maintenance, & Repair",0.0191,0.0098228571428571,0.0092771428571428,0.1403508771929824,2.741547041911882,-2.7000183755390164,0.04542054948534613,0.32151709886909274,0.014603483299568551,more entrants + higher wages
31-9096,0.15685461399520853,0.09445173296349293,0.12477357748520226,0.13707871664923857,320.0,140.0,39012.689929924236,32538.87423833333,596.7401574803149,699.2592592592592,127.0,54.0,Veterinary Assistants and Laboratory Animal Caretakers,Healthcare Support,0.0179,0.0095274193548387,0.0083725806451612,0.3333333333333333,-6.24028810317156,1.2305139164036305,0.17179856340123423,-0.16594127970204997,-0.028508473461774573,fewer entrants + higher wages
29-1123,0.08158564551374858,0.08710131767165016,0.08475883745101669,0.06921467199643032,394.0,243.0,43633.1203469697,57153.23447166667,1217.225806451613,1302.2117647058824,155.0,85.0,Physical Therapists,Healthcare Practitioners & Technical,0.0174,0.0018642857142857,0.0155357142857142,0.2978723404255319,0.551567215790158,-1.5544165454586367,0.0698193858557894,0.30985897907794113,0.021634163621123744,more entrants + higher wages
43-5011,0.11824543973063541,0.0,0.18274332963972909,0.1772993217403785,44.0,10.0,9286.153400347222,5483.4890875,,,,,Cargo and Freight Agents,Office & Administrative Support,0.0165,,,0.8484848484848485,-11.824543973063541,-0.5444007899350595,,-0.4094983303533447,,insufficient data
47-2181,0.1550218965670988,0.16142014859358997,0.15621311305373312,0.12171089072142798,489.0,257.0,56573.62249090909,70369.47159666667,678.4550264550264,751.0204081632653,189.0,98.0,Roofers,Construction & Extraction,0.0157,,,0.08,0.6398252026491164,-3.450222233230514,0.10695680462034152,0.24385656244611975,0.02608211870493774,more entrants + higher wages
11-3051,0.1245419913347452,0.10176703914341424,0.08898020198091054,0.16592558160313922,182.0,79.0,20883.456293560608,22494.921566666664,1134.6153846153845,1365.5,65.0,32.0,Industrial Production Managers,Management,0.0132,0.0039448275862068,0.0092551724137931,0.7406923003621116,-2.2774952191330953,7.694537962222868,0.20349152542372884,0.07716468243826813,0.0157023589382008,more entrants + higher wages
39-9011,0.1795043210442947,0.16237515546450368,0.17645811226168995,0.1792504533209598,2560.0,1110.0,285526.8487327652,300198.170085,446.6734926052332,480.25839793281654,879.0,387.0,Childcare Workers,Personal Care & Service,0.0122,0.0079342657342657,0.0042657342657342,0.1719901719901719,-1.7129165579791024,0.2792341059269843,0.07518893752055589,0.051383333712222035,0.0038634582680861355,more entrants + higher wages
47-2152,0.0914959481046253,0.12215830407919108,0.10372647550643571,0.08124155074085182,1155.0,599.0,130181.3431094697,153796.80738583332,863.8636363636364,954.25,440.0,224.0,"Plumbers, Pipefitters, and Steamfitters",Construction & Extraction,0.0116,,,0.1321138211382113,3.066235597456578,-2.248492476558389,0.10463036043146534,0.1814043680322559,0.018980404411057125,more entrants + higher wages
51-9151,0.19874984380071112,0.11126475976525044,0.23424275415057422,0.07864867903495436,38.0,30.0,6611.709365,12233.48939,,,,,Photographic Process Workers and Processing Machine Operators,Production,0.0108,0.006663829787234,0.0041361702127659,0.68,-8.748508403546069,-15.559407511561984,,0.8502763377288896,,insufficient data
17-2051,0.08424045968104125,0.07305177739410307,0.09118136450517571,0.1008360235071899,992.0,501.0,108311.78619545455,123213.50822166666,1349.4132653061224,1522.4864864864865,392.0,185.0,Civil Engineers,Architecture & Engineering,0.0081,,,0.9086580086580086,-1.1188682286938187,0.965465900201419,0.12825812938862824,0.13758172170959426,0.017645974264539385,more entrants + higher wages
29-1122,0.10261270495924518,0.05768981538385416,0.06945407233976086,0.07957074303842095,228.0,71.0,22165.74810189394,15541.8754075,1271.4432989690722,1404.2857142857142,97.0,28.0,Occupational Therapists,Healthcare Practitioners & Technical,0.008,0.0027846607669616,0.0052153392330383,0.4674242424242424,-4.492288957539102,1.0116670698660082,0.10448158830547527,-0.2988337079328248,-0.031222620444036044,fewer entrants + higher wages
21-1021,0.1292351960779659,0.0,0.055086261134368576,0.028749291970117084,76.0,39.0,9822.180893961038,17137.219685,648.0,1040.0,11.0,10.0,"Child, Family, and School Social Workers",Community & Social Service,0.0074,0.0,0.0074,0.4285714285714285,-12.92351960779659,-2.633696916425149,0.6049382716049383,0.7447469019366626,0.45052590364069717,more entrants + higher wages
33-9093,0.12044949052355995,0.12538124796573086,0.13698318521536443,0.2319878512862266,59.0,30.0,9499.264755934342,8871.59777121212,,,,,Transportation Security Screeners,Protective Service,0.0,0.0,0.0,0.52,0.4931757442170906,9.500466607086217,,-0.06607532275907024,,insufficient data
33-9091,0.3565720271263338,0.19740501181581668,0.3452719152219951,0.2160720713518824,43.0,26.0,5791.950157063492,5339.105758080808,290.0,,12.0,,Crossing Guards and Flaggers,Protective Service,0.0,0.0,0.0,0.1578947368421052,-15.91670153105171,-12.919984387011269,,-0.07818513397088267,,insufficient data
33-9021,0.1360107421109082,0.07599548720227028,0.11375386613424578,0.05267663473023726,121.0,66.0,15742.735114507575,22781.25358409091,793.2307692307693,1002.0,26.0,24.0,Private Detectives and Investigators,Protective Service,0.0,0.0,0.0,0.7037037037037037,-6.0015254908637905,-6.107723140400852,0.26318851823118683,0.4470962903451925,0.1176706101626117,more entrants + higher wages
35-1011,0.1304511365376777,0.08832085728233066,0.14269724482824428,0.13085632946395995,677.0,324.0,79724.80236818182,90459.47900583333,658.0073800738007,712.1951219512196,271.0,123.0,Chefs and Head Cooks,Food Preparation & Serving,0.0,0.0,0.0,0.4285714285714285,-4.213027925534704,-1.1840915364284332,0.08235126765803336,0.13464663842096547,0.011088321359859364,more entrants + higher wages
35-3023,0.181803618816101,0.15472210677487608,0.16253191346164275,0.14387847580103236,2416.0,1427.0,280164.05352708336,398124.8762041667,386.03877551020406,450.0,980.0,592.0,Fast Food and Counter Workers,Food Preparation & Serving,0.0,0.0,0.0,0.1310307017543859,-2.7081512041224913,-1.8653437660610395,0.16568601018191043,0.4210419616365242,0.06976076274272068,more entrants + higher wages
35-3031,0.1653964357844573,0.14294133570910644,0.17424700723548348,0.14521244558087232,5630.0,2688.0,663428.245915341,741917.5745524999,422.9092495636998,503.3251184834123,2292.0,1055.0,Waiters and Waitresses,Food Preparation & Serving,0.0,0.0,0.0,0.2857142857142857,-2.245510007535087,-2.9034561654611157,0.19014923178595566,0.1183086929451822,0.02249630707712691,more entrants + higher wages
35-2021,0.1825902452447623,0.14453787552575476,0.20572381995113387,0.17579089437358192,1896.0,855.0,229394.85034507577,236791.9053766667,437.9895561357702,507.79888268156424,766.0,358.0,Food Preparation Workers,Food Preparation & Serving,0.0,0.0,0.0,0.0555555555555555,-3.8052369719007553,-2.993292557755195,0.1593858245427071,0.032245950684872016,0.005139547438071797,more entrants + higher wages
35-3011,0.1293512515759606,0.06326980581966596,0.16317124464328306,0.09573888868603617,1169.0,584.0,126784.13170587122,157482.6701175,526.766393442623,634.5739130434782,488.0,230.0,Bartenders,Food Preparation & Serving,0.0,0.0,0.0,0.2777777777777778,-6.608144575629465,-6.7432355957246894,0.20465906888306074,0.24213233942278256,0.0495545791327439,more entrants + higher wages
33-2011,0.06145191437797368,0.05638593237874031,0.08481610684925009,0.050732623239127764,518.0,311.0,55706.64895871212,81531.47221916667,1044.8235294117646,1008.0672268907563,204.0,119.0,Firefighters,Protective Service,0.0,0.0,0.0,0.175438596491228,-0.5065981999233373,-3.4083483610122327,-0.035179436035195466,0.46358601249906517,-0.01630869447352219,more entrants + lower wages
33-3011,0.0,0.11440348755094974,0.0,0.09867342423279479,16.0,7.0,4789.35922375,3555.0027833333334,,,,,Bailiffs,Protective Service,0.0,0.0,0.0,0.0357142857142857,11.440348755094973,9.86734242327948,,-0.25772893256692964,,insufficient data
33-3012,0.07576132293646283,0.055069042880574195,0.07038556074641655,0.062081025945565464,598.0,245.0,68039.94083825758,59621.952784166664,825.5982905982906,987.5604395604396,234.0,91.0,Correctional Officers and Jailers,Protective Service,0.0,0.0,0.0,0.2954545454545454,-2.0692280055888634,-0.8304534800851089,0.1961754897103518,-0.12372127239354735,-0.024271081199391982,fewer entrants + higher wages
33-3041,0.11961322936393592,0.22874057283337826,0.11837114886830478,0.27069032898420536,33.0,12.0,5640.926609285714,7083.754934999999,,,,,Parking Enforcement Workers,Protective Service,0.0,0.0,0.0,0.4615384615384615,10.912734346944234,15.231918011590057,,0.25577860263936025,,insufficient data
33-9011,0.07076677238500059,0.3600820266961749,0.06579194079481837,0.0,19.0,6.0,3804.299525,3252.384125,,,,,Animal Control Workers,Protective Service,0.0,0.0,0.0,0.4333333333333333,28.931525431117432,-6.579194079481837,,-0.14507674707868856,,insufficient data
51-8031,0.04108567740775557,0.06516118866118042,0.03348388836143321,0.09458293249443771,143.0,96.0,14829.314940719696,22633.561698333335,936.7540983606557,957.7142857142857,61.0,35.0,Water and Wastewater Treatment Plant and System Operators,Production,0.0,0.0,0.0,0.125,2.407551125342485,6.109904413300449,0.022375335630034465,0.5262715633737078,0.011775502863029665,more entrants + higher wages
31-9097,0.13283283985886948,0.09087195219217445,0.09921196576758869,0.09024654377629797,340.0,149.0,36254.03313409091,34611.02528666666,637.2925170068028,558.9473684210526,147.0,57.0,Phlebotomists,Healthcare Support,0.0,0.0,0.0,0.2195121951219512,-4.1960887666695035,-0.8965421991290717,-0.12293436137257185,-0.04531931223616803,0.005571300707597498,fewer entrants + lower wages
53-6021,0.17913497480695195,0.12581502791478075,0.24135997867297773,0.1577075627325507,111.0,59.0,15319.951354583332,21365.006755000002,499.4074074074074,526.0,54.0,17.0,Parking Attendants,Transportation & Material Moving,0.0,0.0,0.0,0.1785714285714285,-5.331994689217121,-8.365241594042702,0.053248294274695906,0.39458711457384266,0.021011090793831122,more entrants + higher wages
53-4031,0.025151072635227416,0.09495305806649683,0.0047407390302158835,0.008702530761071255,36.0,34.0,7690.182319791666,8386.148495000001,,,,,Railroad Conductors and Yardmasters,Transportation & Material Moving,0.0,0.0,0.0,0.4722222222222222,6.980198543126942,0.39617917308553713,,0.09050060795271109,,insufficient data
53-3054,0.26837829801179297,0.24483450311261437,0.27670173550348826,0.2323429810900094,341.0,151.0,47714.403394444445,44555.16535333333,598.3695652173913,605.6756756756756,92.0,37.0,Taxi Drivers,Transportation & Material Moving,0.0,0.0,0.0,0.3125,-2.35437948991786,-4.4358754413478865,0.012210030193681387,-0.06621141241135076,-0.0008084433447088832,fewer entrants + higher wages
53-3053,0.28060375978783325,0.2889295566355671,0.34158973301316925,0.2301384965937109,39.0,20.0,5573.991719642858,9414.53975952381,,,,,Shuttle Drivers and Chauffeurs,Transportation & Material Moving,0.0,0.0,0.0,0.3076923076923077,0.8325796847733824,-11.145123641945833,,0.6890121537760425,,insufficient data
53-3052,0.1332877862329005,0.23142928637103732,0.14507520732260154,0.21498738694403363,89.0,70.0,13748.375622410715,20404.653085833335,635.8620689655172,726.0,29.0,28.0,"Bus Drivers, Transit and Intercity",Transportation & Material Moving,0.0,0.0,0.0,0.2592592592592592,9.814150013813682,6.991217962143209,0.14175704989154014,0.48415010225444166,0.06863169020027715,more entrants + higher wages
53-3051,0.2044887652579887,0.19483185458072938,0.17282859831586872,0.14494913644518925,110.0,36.0,11912.440497348485,12493.785994642858,433.18918918918916,952.0,37.0,10.0,"Bus Drivers, School",Transportation & Material Moving,0.0,0.0,0.0,0.3529411764705882,-0.9656910677259323,-2.7879461870679467,1.1976541053156975,0.0488015446896688,0.05844737034332931,more entrants + higher wages
53-3011,0.15285805635507574,0.1961877822988529,0.21994919848191974,0.17038363473002,41.0,30.0,7913.393257589286,9766.33101625,,,,,"Ambulance Drivers and Attendants, Except Emergency Medical Technicians",Transportation & Material Moving,0.0,0.0,0.0,0.0909090909090909,4.332972594377715,-4.956556375189974,,0.23415211380827894,,insufficient data
51-9197,0.0,0.0,0.0,0.32285977384036024,14.0,9.0,5991.50425,5129.22005,,,,,Tire Builders,Production,0.0,0.0,0.0,0.0384615384615384,0.0,32.28597738403602,,-0.14391781496274492,,insufficient data
51-9196,0.16653122674168375,0.11301687812329148,0.17509272025638403,0.0,45.0,12.0,7655.323714603174,7114.957483333334,,,,,"Paper Goods Machine Setters, Operators, and Tenders",Production,0.0,0.0,0.0,0.0,-5.351434861839227,-17.509272025638403,,-0.07058698644435457,,insufficient data
51-9111,0.15254390942166693,0.1902730712547038,0.14184511581713413,0.18591229099921436,565.0,230.0,66745.08253844696,63983.19617083333,634.1981981981982,690.8571428571429,222.0,84.0,Packaging and Filling Machine Operators and Tenders,Production,0.0,0.0,0.0,0.0,3.7729161833036873,4.406717518208023,0.08933949169189814,-0.041379623225766604,-0.003696834505392251,fewer entrants + higher wages
51-9195,0.10142080101317597,0.30730717002261226,0.12940701475450417,0.21350930174169303,60.0,18.0,5769.312977234848,7368.343339285715,,,,,"Molders, Shapers, and Casters, Except Metal and Plastic",Production,0.0,0.0,0.0,0.1192358366271409,20.58863690094363,8.410228698718885,,0.27716131337656424,,insufficient data
51-9194,0.0,0.0,0.0,0.5223768676340038,2.0,1.0,6036.9042,3606.878,,,,,Etchers and Engravers,Production,0.0,0.0,0.0,0.2727272727272727,0.0,52.23768676340038,,-0.40252853441007064,,insufficient data
51-9191,0.23345234242045781,0.1733005860059337,0.21193799597768578,0.0,15.0,7.0,5411.286728611111,7588.752741666667,,,,,Adhesive Bonding Machine Operators and Tenders,Production,0.0,0.0,0.0,0.064516129032258,-6.015175641452411,-21.193799597768578,,0.40239339038211264,,insufficient data
51-9071,0.101416031294081,0.138715805923073,0.16544738524157587,0.24207672143364967,65.0,18.0,6800.629884343434,5157.614218333333,,,,,Jewelers and Precious Stone and Metal Workers,Production,0.0,0.0,0.0,0.3749999999999999,3.7299774628992006,7.662933619207379,,-0.241597571688571,,insufficient data
11-9013,0.15551391928059785,0.09790509553520654,0.1590273679453215,0.1280486737259156,752.0,321.0,62654.47133219697,70468.41656166667,726.1458333333334,921.0588235294117,96.0,51.0,"Farmers, Ranchers, and Other Agricultural Managers",Management,0.0,0.0,0.0,0.6938775510204082,-5.760882374539131,-3.0978694219405885,0.268421274692634,0.12471488567894529,0.033476128587088615,more entrants + higher wages
11-9051,0.10455566618304993,0.084203687689352,0.12567409482505035,0.09892799042651862,2092.0,927.0,239617.7402462121,235627.78175750002,680.9809885931559,787.8181818181819,789.0,330.0,Food Service Managers,Management,0.0,0.0,0.0,0.7708333333333333,-2.0351978493697924,-2.674610439853173,0.15688718923819267,-0.016651348454468917,-0.002612383256047352,fewer entrants + higher wages
51-6093,0.23386349211642074,0.7280134928363918,0.09971266490903302,0.6190964887942388,33.0,4.0,5762.608230357143,3523.1370833333335,,,,,Upholsterers,Production,0.0,0.0,0.0,0.2647058823529412,49.415000071997106,51.93838238852058,,-0.3886210995962528,,insufficient data
51-9051,0.3404798100105777,0.1648877370228104,0.31534098304346386,0.16126805016155224,11.0,20.0,3037.115077777778,9112.664330952382,,,,,"Furnace, Kiln, Oven, Drier, and Kettle Operators and Tenders",Production,0.0,0.0,0.0,0.16,-17.55920729877673,-15.407293288191163,,2.0004343258603208,,insufficient data
51-9041,0.26354043074535183,0.3073431420293461,0.29167296056499703,0.0754381211254965,23.0,13.0,3115.5201395833333,7240.686695,,,,,"Extruding, Forming, Pressing, and Compacting Machine Setters, Operators, and Tenders",Production,0.0,0.0,0.0,0.075,4.380271128399427,-21.623483943950053,,1.3240699371528901,,insufficient data
11-3121,0.13280240271080035,0.12481392194054118,0.12233063708379795,0.08906250366698464,199.0,90.0,23424.08640965909,23309.836259166666,1130.79012345679,1293.75,81.0,32.0,Human Resources Managers,Management,0.0,0.0,0.0,0.92,-0.7988480770259168,-3.3268133416813312,0.1441115138546194,-0.00487746452494775,-0.0007028987964624223,fewer entrants + higher wages
11-3111,0.304222856358221,0.0,0.39749874491236475,0.6004687109289978,12.0,2.0,3644.7706725,2797.987825,,,,,Compensation and Benefits Managers,Management,0.0,0.0,0.0,0.894736842105263,-30.4222856358221,20.296996601663302,,-0.2323281554828741,,insufficient data
51-6011,0.1600516918557815,0.15620812029457665,0.16016038887870235,0.09095951281160591,138.0,83.0,14819.336787045455,20328.357555000002,507.15384615384613,470.0,52.0,45.0,Laundry and Dry-Cleaning Workers,Production,0.0,0.0,0.0,0.075,-0.38435715612048504,-6.920087606709643,-0.07325951767025629,0.3717454328165577,-0.027233891104261682,more entrants + lower wages
11-9161,0.04178535860541303,0.021020647963955617,0.029160302356422176,0.0,16.0,9.0,4575.13190125,8580.953016666666,,,,,Emergency Management Directors,Management,0.0,0.0,0.0,0.8444444444444444,-2.076471064145741,-2.9160302356422174,,0.8755640715674693,,insufficient data
13-1051,0.12014319522327861,0.06771873759339717,0.07413515950316238,0.07430372386801258,157.0,90.0,16790.044155492425,23821.022235833334,1027.15625,1124.7894736842106,64.0,38.0,Cost Estimators,Business & Financial Operations,0.0,0.0,0.0,1.0,-5.242445762988145,0.016856436485020165,0.09505196866027998,0.4187587605623364,0.03980384458518889,more entrants + higher wages
51-5113,0.0,0.0,0.46822376523248704,0.0,3.0,3.0,2782.0439,7414.7473,,,,,Print Binding and Finishing Workers,Production,0.0,0.0,0.0,0.1282051282051282,0.0,-46.82237652324871,,1.6652157789458317,,insufficient data
51-7011,0.1088865697430686,0.25560555298452864,0.12315719798561271,0.12387808463556381,85.0,30.0,12410.828278674242,6690.2339875,800.0,,12.0,,Cabinetmakers and Bench Carpenters,Production,0.0,0.0,0.0,0.1764705882352941,14.671898324146005,0.07208866499510969,,-0.4609357379478085,,insufficient data
51-7021,0.1746096247350615,0.44955742737356774,0.1558765296729838,0.19428938571306284,14.0,7.0,6038.001386666667,11932.7349875,,,,,Furniture Finishers,Production,0.0,0.0,0.0,0.0571428571428571,27.494780263850625,3.8412856040079046,,0.9762723165069649,,insufficient data
51-7041,0.2494011242011933,0.1285764381340601,0.1980967454203166,0.13622669146102367,79.0,28.0,10785.921370909091,10193.215466666667,770.0,,12.0,,"Sawing Machine Setters, Operators, and Tenders, Wood",Production,0.0,0.0,0.0,0.1176470588235294,-12.08246860671332,-6.187005395929293,,-0.054951810221889996,,insufficient data
51-7042,0.013179422899164774,0.2698086395570952,0.045713165208047066,0.3969980115146306,54.0,11.0,6367.043047321428,2702.7981222222224,1200.0,,11.0,,"Woodworking Machine Setters, Operators, and Tenders, Except Sawing",Production,0.0,0.0,0.0,0.108695652173913,25.662921665793043,35.12848463065835,,-0.5755018299492618,,insufficient data
51-8021,0.2700801184539822,0.301842985005348,0.28554252276680747,0.29353629038831985,55.0,30.0,9631.608615246212,10070.747772222221,,,,,Stationary Engineers and Boiler Operators,Production,0.0,0.0,0.0,0.1860465116279069,3.176286655136579,0.7993767621512382,,0.0455935425242342,,insufficient data
51-6021,0.16180986794684807,0.1283704691619506,0.4732074293242416,0.14865739413857668,15.0,7.0,3433.9801953571427,7325.460337500001,,,,,"Pressers, Textile, Garment, and Related Materials",Production,0.0,0.0,0.0,0.0208333333333333,-3.343939878489746,-32.45500351856649,,1.1332273108051907,,insufficient data
51-6031,0.18339789950708596,0.228651222161455,0.19656433148837527,0.21617782672390434,137.0,54.0,15712.62275867424,14986.116835909092,538.5098039215686,,51.0,,Sewing Machine Operators,Production,0.0,0.0,0.0,0.1162790697674418,4.525332265436904,1.9613495235529077,,-0.04623708809938032,,insufficient data
11-3012,0.13828426523750026,0.1291901838957195,0.021663283433774997,0.12155056043850082,35.0,30.0,6253.225969047619,11717.982217499997,,,,,Administrative Services Managers,Management,0.0,0.0,0.0,0.6956521739130435,-0.9094081341780746,9.988727700472582,,0.873909926732533,,insufficient data
39-5092,0.12618951451846044,0.08137905086117266,0.13128856941058947,0.11414703308876491,337.0,137.0,42678.245259469695,33765.127422499994,630.4736842105264,595.5384615384615,114.0,39.0,Manicurists and Pedicurists,Personal Care & Service,0.0,0.0,0.0,0.1111111111111111,-4.481046365728779,-1.7141536321824566,-0.055411071939997614,-0.20884452448269308,0.011572298970385099,fewer entrants + lower wages
39-5011,0.13848556383581653,0.09851876592929255,0.16481198670191435,0.16420370505409246,170.0,97.0,19794.96405871212,23999.003136666666,587.027027027027,900.0,37.0,10.0,Barbers,Personal Care & Service,0.0,0.0,0.0,0.2352941176470588,-3.996679790652398,-0.06082816478218955,0.5331491712707184,0.21237922258839714,0.11322980651812337,more entrants + higher wages
39-4031,0.03654899231226014,0.060045440176200934,0.01898782272704798,0.0,37.0,28.0,6114.0273263888885,14213.250893749999,,,,,"Morticians, Undertakers, and Funeral Arrangers",Personal Care & Service,0.0,0.0,0.0,0.2325581395348837,2.3496447863940797,-1.8987822727047978,,1.3246953497253555,,insufficient data
39-3031,0.21617912772303938,0.29653557736978664,0.2823222843644976,0.17949176955763105,79.0,43.0,12438.170401666668,22836.3302625,,,,,"Ushers, Lobby Attendants, and Ticket Takers",Personal Care & Service,0.0,0.0,0.0,0.1714285714285714,8.035644964674727,-10.283051480686654,,0.8359878925151256,,insufficient data
31-9091,0.09609569122340972,0.0933834097968627,0.10199674240781478,0.07074930474842493,946.0,479.0,102724.34283636363,120551.45668333332,624.0623376623377,725.1111111111111,385.0,180.0,Dental Assistants,Healthcare Support,0.0,0.0,0.0,0.4,-0.2712281426547017,-3.124743765938985,0.1619209610169554,0.17354322602353056,0.028100285935712774,more entrants + higher wages
29-2081,0.13834707838729485,0.030976809893653964,0.1339078481152487,0.14706677926056688,91.0,33.0,11744.246040557358,6379.19090888889,733.0,526.0,22.0,10.0,"Opticians, Dispensing",Healthcare Practitioners & Technical,0.0,0.0,0.0,0.4761904761904761,-10.737026849364089,1.3158931145318187,-0.2824010914051842,-0.45682414291567874,0.12900763653962552,fewer entrants + lower wages
31-1131,0.1449407891830685,0.15127276428194347,0.14369198353285148,0.1302298330467502,3086.0,1399.0,325966.1657931818,365021.6084041667,518.0737704918033,636.9608938547486,1220.0,537.0,Nursing Assistants,Healthcare Support,0.0,0.0,0.0,0.1525423728813559,0.6331975098874981,-1.3462150486101276,0.22947914010409498,0.1198144062465818,0.027494906917548297,more entrants + higher wages
31-9011,0.10092982017097955,0.14771703420858157,0.07182184504347663,0.16295543044473998,209.0,52.0,23289.01654943182,16556.14899715909,508.85714285714283,,70.0,,Massage Therapists,Healthcare Support,0.0,0.0,0.0,0.074074074074074,4.678721403760202,9.113358540126335,,-0.2891005525279251,,insufficient data
29-2056,0.10032304310244589,0.05561081159427555,0.12058313475423982,0.032149287217153294,497.0,292.0,51050.07687556818,69014.52825916668,622.6424870466321,697.2336448598131,193.0,107.0,Veterinary Technologists and Technicians,Healthcare Practitioners & Technical,0.0,0.0,0.0,0.2622950819672131,-4.471223150817034,-8.843384753708653,0.11979773202915811,0.35189861569426983,0.04215665606437383,more entrants + higher wages
29-2055,0.072502593801936,0.05994675060762891,0.10012538523666512,0.05969679921518084,227.0,110.0,21029.54579602273,26020.700180833333,788.025,885.7142857142857,80.0,42.0,Surgical Technologists,Healthcare Practitioners & Technical,0.0,0.0,0.0,0.1,-1.2555843194307081,-4.042858602148428,0.12396724179345275,0.23734009441870918,0.029422396872085026,more entrants + higher wages
29-2053,0.12117537359177134,0.10822359920852226,0.10621801464986243,0.12838001297616233,323.0,185.0,39417.19713238637,56103.35957,669.2063492063492,690.8333333333334,126.0,72.0,Psychiatric Technicians,Healthcare Practitioners & Technical,0.0,0.0,0.0,0.24,-1.2951774383249084,2.2161998326299908,0.032317362428842644,0.42332189124385433,0.01368064698339075,more entrants + higher wages
29-2061,0.18090086962637347,0.18212756563957322,0.16527825553381362,0.17840692823683618,946.0,355.0,103976.01421325759,99986.51461,713.706940874036,803.5294117647059,389.0,136.0,Licensed Practical and Licensed Vocational Nurses,Healthcare Practitioners & Technical,0.0,0.0,0.0,0.4210526315789473,0.12266960131997462,1.3128672703022564,0.12585343611856903,-0.038369422346532844,-0.004828923644195766,fewer entrants + higher wages
29-2043,0.09109996782923022,0.07180346923811108,0.07658681836702609,0.07657481126569946,188.0,44.0,20394.04655132576,12787.651048333333,1079.1,1500.0,80.0,10.0,Paramedics,Healthcare Practitioners & Technical,0.0,0.0,0.0,0.2307692307692307,-1.9296498591119136,-0.001200710132663596,0.39004726160689485,-0.37297137102484235,-0.1454764619260089,fewer entrants + higher wages
29-2032,0.23842009546872336,0.14844974646389444,0.1459077351094549,0.1447751717986982,146.0,101.0,16634.245792916667,27662.315775833333,1070.8196721311476,1391.142857142857,61.0,35.0,Diagnostic Medical Sonographers,Healthcare Practitioners & Technical,0.0,0.0,0.0,0.5,-8.997034900482891,-0.11325633107567012,0.2991383081095267,0.6629738504653293,0.19832087594905695,more entrants + higher wages
29-2034,0.13450772357781643,0.14884845290049387,0.10793650267724314,0.12593147861047943,368.0,219.0,34520.74275795455,57699.97523166667,907.8194444444445,981.475,144.0,80.0,Radiologic Technologists and Technicians,Healthcare Practitioners & Technical,0.0,0.0,0.0,0.7543859649122806,1.4340729322677437,1.799497593323629,0.08113458684576913,0.671458103790973,0.05447847583532416,more entrants + higher wages
29-2042,0.10804842539312266,0.08881494580430228,0.07936922391103775,0.1219209428363417,529.0,276.0,65581.58492821969,69754.37307666667,836.8115942028985,873.2142857142857,207.0,112.0,Emergency Medical Technicians,Healthcare Practitioners & Technical,0.0,0.0,0.0,0.25,-1.923347958882038,4.255171892530394,0.04350165767727243,0.06362743677229177,0.0027678989733505325,more entrants + higher wages
29-1124,0.0,0.29378387116365445,0.0,0.0,12.0,3.0,4098.0845,8543.509750000001,,,,,Radiation Therapists,Healthcare Practitioners & Technical,0.0,0.0,0.0,0.5121951219512195,29.378387116365445,0.0,,1.0847568540863421,,insufficient data
29-1126,0.08167022443998062,0.10897584900456349,0.07099430992958046,0.05036545388464866,124.0,38.0,13991.452875189394,9033.839855555554,995.2820512820513,,39.0,,Respiratory Therapists,Healthcare Practitioners & Technical,0.0,0.0,0.0,0.3095238095238095,2.7305624564582867,-2.06288560449318,,-0.35433153825111474,,insufficient data
29-1125,0.03254027790044607,0.21937377127730393,0.03280380521841325,0.17324078891598185,52.0,18.0,10019.605393560607,12792.05746904762,,,,,Recreational Therapists,Healthcare Practitioners & Technical,0.0,0.0,0.0,0.5454545454545454,18.683349337685783,14.04369836975686,,0.27670272097430226,,insufficient data
29-2031,0.2862899512981322,0.4249248161424576,0.2854673722162163,0.4033181175058779,94.0,42.0,9999.84885875,9818.689789545455,623.04,1080.0,25.0,11.0,Cardiovascular Technologists and Technicians,Healthcare Practitioners & Technical,0.0,0.0,0.0,0.6285714285714286,13.863486484432542,11.785074528966161,0.7334360554699539,-0.018116180730674558,-0.013287060135286737,fewer entrants + higher wages
29-1181,0.09212865032497461,0.07590367816844569,0.039149376713330554,0.0,28.0,24.0,5410.021625714286,8770.96842142857,,,,,Audiologists,Healthcare Practitioners & Technical,0.0,0.0,0.0,0.7727272727272727,-1.6224972156528918,-3.9149376713330555,,0.6212446138365553,,insufficient data
29-1292,0.09146251225639555,0.13258692458828794,0.09390444542448191,0.13882495692563399,331.0,138.0,31330.562331818182,36680.7808525,976.6470588235294,1278.8235294117646,136.0,51.0,Dental Hygienists,Healthcare Practitioners & Technical,0.0,0.0,0.0,0.3125,4.112441233189239,4.492051150115207,0.30940191531650907,0.1707667568816129,0.05283556165155969,more entrants + higher wages
29-1127,0.07374334748949968,0.10032900967091697,0.04139411338036496,0.11170213928965289,355.0,138.0,40341.56595833333,35766.925762499995,1173.1515151515152,1288.406779661017,132.0,59.0,Speech-Language Pathologists,Healthcare Practitioners & Technical,0.0,0.0,0.0,0.7317073170731707,2.6585662181417296,7.0308025909287934,0.09824414239844903,-0.1133976851706312,-0.011140658329557985,fewer entrants + higher wages
29-1151,0.13591609060897836,0.0,0.13898217739872706,0.21297048622647252,8.0,3.0,6360.2675222222215,5222.429825,,,,,Nurse Anesthetists,Healthcare Practitioners & Technical,0.0,0.0,0.0,0.3333333333333333,-13.591609060897836,7.398830882774546,,-0.17889777328496248,,insufficient data
35-9011,0.19810989912788488,0.22281914155515273,0.20613382085142948,0.21015536248357605,549.0,225.0,63636.284253787875,60335.282105,399.4488888888889,537.4226804123712,225.0,97.0,Dining Room and Cafeteria Attendants and Bartender Helpers,Food Preparation & Serving,0.0,0.0,0.0,0.0,2.4709242427267855,0.40215416321465747,0.34541037755110926,-0.051872955617948246,-0.017917457184687437,fewer entrants + higher wages
35-3041,0.176383315152984,0.16471494894622926,0.2147154961270971,0.17517999882297328,405.0,221.0,49438.94473087121,61290.74213416667,431.037037037037,530.919540229885,162.0,87.0,"Food Servers, Nonrestaurant",Food Preparation & Serving,0.0,0.0,0.0,0.1851851851851851,-1.1668366206754737,-3.953549730412381,0.2317260342160934,0.23972593808004206,0.05555074093002091,more entrants + higher wages
35-9021,0.189785641566575,0.15676302382657928,0.19838757088100845,0.14886127824463624,479.0,278.0,57632.552007765145,68944.25636833333,408.08743169398906,373.55,183.0,120.0,Dishwashers,Food Preparation & Serving,0.0,0.0,0.0,0.0,-3.3022617739995708,-4.9526292636372204,-0.08463243170862345,0.19627283482161428,-0.0166110472892982,more entrants + lower wages
37-2012,0.16767417765934237,0.18598786959104396,0.19549699824950448,0.19404719788275954,1432.0,652.0,165548.76598049243,174044.97284333332,460.4597701149425,531.7299578059071,522.0,237.0,Maids and Housekeeping Cleaners,Building & Grounds Cleaning & Maintenance,0.0,0.0,0.0,0.0,1.83136919317016,-0.1449800366744941,0.15478048749660323,0.051321475050089216,0.007943562927297568,more entrants + higher wages
37-3011,0.1758000169085219,0.1821906151716039,0.18432672723849783,0.17606340613134422,2090.0,911.0,238415.47095492427,219213.9075166667,587.2237960339943,640.0,706.0,327.0,Landscaping and Groundskeeping Workers,Building & Grounds Cleaning & Maintenance,0.0,0.0,0.0,0.048780487804878,0.6390598263081998,-0.826332110715361,0.08987408943991526,-0.08053824427311562,-0.007238301369135737,fewer entrants + higher wages
37-3013,0.14461186562522135,0.2936112403551858,0.16267620562765386,0.20951223220860296,286.0,85.0,33534.20410719697,20945.650110833332,707.7227722772277,700.5714285714286,101.0,35.0,Tree Trimmers and Pruners,Building & Grounds Cleaning & Maintenance,0.0,0.0,0.0,0.073170731707317,14.899937472996447,4.68360265809491,-0.01010472459828926,-0.3753944467005238,0.0037932574996359697,fewer entrants + lower wages
39-2011,0.13700945607747142,0.11045986811636223,0.10736426088164416,0.18011660237927768,162.0,62.0,19501.77209715909,18355.65454722222,452.0851063829787,,47.0,,Animal Trainers,Personal Care & Service,0.0,0.0,0.0,0.1379310344827586,-2.654958796110919,7.275234149763351,,-0.058769918150352596,,insufficient data
39-2021,0.1486445390255059,0.11824705022222692,0.1464901469205461,0.12084307373307673,980.0,465.0,110564.04315094696,134373.1892283333,518.925,603.1153846153846,320.0,156.0,Animal Caretakers,Personal Care & Service,0.0,0.0,0.0,0.3636363636363636,-3.039748880327897,-2.5647073187469367,0.1622399857693977,0.21534257792002975,0.03493717677729104,more entrants + higher wages
53-5011,0.15901474904270907,0.18738759129344584,0.13658245116636145,0.030259660380589165,63.0,33.0,7130.323626845238,7535.901097916667,,,,,Sailors and Marine Oilers,Transportation & Material Moving,0.0,0.0,0.0,0.0638297872340425,2.8372842250736774,-10.632279078577229,,0.056880653992261054,,insufficient data
33-1021,0.06545207769369861,,0.17159700004731687,,8.0,,3511.925933333333,,,,,,First-Line Supervisors of Firefighting and Prevention Workers,Protective Service,0.0,0.0,0.0,0.6037735849056604,,,,,,insufficient data
33-1012,0.4964465267311958,0.0,0.36376356065333965,0.0,10.0,7.0,3379.5556991666663,7657.532233333333,,,,,First-Line Supervisors of Police and Detectives,Protective Service,0.0,0.0,0.0,0.5526315789473684,-49.64465267311958,-36.376356065333965,,1.2658399254143182,,insufficient data
17-3031,0.09066585813229591,0.14147806752512343,0.07942142331112019,0.14765213895538132,224.0,58.0,21703.94320435606,12046.765186111112,754.3370786516854,790.0,89.0,14.0,Surveying and Mapping Technicians,Architecture & Engineering,0.0,0.0,0.0,0.9148936170212766,5.081220939282752,6.823071564426113,0.04727716873212584,-0.44495039114858714,-0.021035994719757145,fewer entrants + higher wages
27-2042,0.18310081933352848,0.2185788165265682,0.18064000704345404,0.21540267960020598,215.0,78.0,28129.048100189393,23322.620647222222,554.1666666666666,500.0,24.0,10.0,Musicians and Singers,"Arts, Design, Entertainment, Sports, & Media",0.0,0.0,0.0,0.5714285714285714,3.5477997193039705,3.4762672556751943,-0.09774436090225558,-0.17087060450278124,0.016701638034106427,fewer entrants + lower wages
17-3011,0.029806808059251334,0.15193121062231194,0.02932339765741794,0.06086845515142165,63.0,34.0,8830.718568863636,11155.606226388889,700.0,,11.0,,Architectural and Civil Drafters,Architecture & Engineering,0.0,0.0,0.0,0.96,12.21244025630606,3.1545057494003705,,0.2632727608059675,,insufficient data
17-2131,0.06982466808991453,0.0,0.06099821288207366,0.06900807981686181,128.0,29.0,14936.150106493507,7660.565607500001,1584.8936170212767,,47.0,,Materials Engineers,Architecture & Engineering,0.0,0.0,0.0,0.8292682926829269,-6.982466808991453,0.8009866934788155,,-0.4871124384208243,,insufficient data
17-2171,0.09056740302250915,0.0,0.016472660831212616,0.0644889676938099,48.0,20.0,7091.003760416666,4668.404777083333,,,,,Petroleum Engineers,Architecture & Engineering,0.0,0.0,0.0,0.8888888888888888,-9.056740302250915,4.801630686259729,,-0.3416440133421932,,insufficient data
27-2022,0.13765065484415065,0.13852706794728106,0.14290407227601096,0.16414981813440788,608.0,288.0,66779.56299886364,72045.57571666667,546.4721030042919,654.2,233.0,100.0,Coaches and Scouts,"Arts, Design, Entertainment, Sports, & Media",0.0,0.0,0.0,0.5333333333333333,0.08764131031304134,2.124574585839692,0.19713338778587586,0.07885665136641662,0.015545278833311424,more entrants + higher wages
27-2023,0.24160484208128033,0.22582175095641643,0.26837021140124867,0.28928762801126584,41.0,22.0,6264.664115882035,10437.440375,,,,,"Umpires, Referees, and Other Sports Officials","Arts, Design, Entertainment, Sports, & Media",0.0,0.0,0.0,0.375,-1.5783091124863895,2.091741661001717,,0.6660814022796908,,insufficient data
39-9031,0.1706170388896995,0.12199604914284098,0.15406081501792304,0.1461139703808013,432.0,198.0,52060.20818162878,56211.80161083333,531.0923076923077,754.7619047619048,130.0,63.0,Exercise Trainers and Group Fitness Instructors,Personal Care & Service,0.0,0.0,0.0,0.0294117647058823,-4.8620989746858525,-0.7946844637121753,0.42115013497650167,0.07974600129758191,0.0335850392103129,more entrants + higher wages
21-1023,0.0384252777561684,0.20136839219435063,0.10631059959070342,0.125023476294729,18.0,12.0,4507.415593333333,5643.997948571428,,,,,Mental Health and Substance Abuse Social Workers,Community & Social Service,0.0,0.0,0.0,0.5416666666666666,16.29431144381822,1.8712876704025592,,0.2521583225915869,,insufficient data
43-4141,0.09738826025392419,0.10327079460457927,0.17525801971568605,0.17695491501364746,33.0,13.0,6920.180709861111,4351.1491,,,,,New Accounts Clerks,Office & Administrative Support,0.0,0.0,0.0,0.8400000000000001,0.5882534350655083,0.16968952979614094,,-0.37123764791290714,,insufficient data
21-1015,0.22826300870246624,0.0,0.23019373350555639,0.0,15.0,7.0,4371.251637380952,6667.5875750000005,,,,,Rehabilitation Counselors,Community & Social Service,0.0,0.0,0.0,0.6451612903225806,-22.826300870246623,-23.01937335055564,,0.5253268693071407,,insufficient data
21-1013,0.3345032261357875,0.08199109658187984,0.22802026822115218,0.22032961495029293,39.0,15.0,6779.232028571429,6302.237600793651,,,,,Marriage and Family Therapists,Community & Social Service,0.0,0.0,0.0,0.1481481481481481,-25.251212955390766,-0.7690653270859243,,-0.07036113025302271,,insufficient data
21-1092,0.10531683554434114,0.017561782704253515,0.0719890009463901,0.047827569967270826,94.0,56.0,11659.435477651514,19471.14344590909,808.0,,14.0,,Probation Officers and Correctional Treatment Specialists,Community & Social Service,0.0,0.0,0.0,0.631578947368421,-8.775505284008762,-2.416143097911928,,0.6699902395129544,,insufficient data
43-5051,0.09264465912058717,0.08099650954907402,0.03485748583252931,0.025526834164840386,97.0,43.0,15606.464662499999,12797.50289090909,694.8571428571429,578.0,35.0,12.0,Postal Service Clerks,Office & Administrative Support,0.0,0.0,0.0,0.4814814814814814,-1.1648149571513153,-0.9330651667688924,-0.16817434210526316,-0.17998706512567342,0.03026920626496728,fewer entrants + lower wages
43-5041,0.33880028306685794,0.059621546963202314,0.27926138873820966,0.15627481924609832,26.0,11.0,4368.018993831169,5275.498250000001,,,,,"Meter Readers, Utilities",Office & Administrative Support,0.0,0.0,0.0,0.5416666666666666,-27.91787361036556,-12.298656949211134,,0.20775533656113665,,insufficient data
21-1093,0.18103583362428544,0.15264079744045891,0.1497833459451831,0.13175929936703495,419.0,213.0,43036.7672375,48735.72067333333,719.5163398692811,866.05,153.0,80.0,Social and Human Service Assistants,Community & Social Service,0.0,0.0,0.0,0.5714285714285714,-2.8395036183826523,-1.8024046578148156,0.20365577820976322,0.13242057435177346,0.026968215120594236,more entrants + higher wages
43-5052,0.08829669891894529,0.04821408322333255,0.08112767821028127,0.06599398969024464,343.0,131.0,37661.83473125,36306.64125833333,821.4545454545455,927.5652173913044,143.0,46.0,Postal Service Mail Carriers,Office & Administrative Support,0.0,0.0,0.0,0.2564102564102564,-4.008261569561274,-1.513368852003663,0.12917412475701062,-0.0359832037548663,-0.0046480988509880325,fewer entrants + higher wages
43-5111,0.18166992799482898,0.17445445883273503,0.17882485592932612,0.18807678970958175,95.0,51.0,12491.179490871213,13139.633187727271,596.0,784.0,36.0,11.0,"Weighers, Measurers, Checkers, and Samplers, Recordkeeping",Office & Administrative Support,0.0,0.0,0.0,0.3793103448275862,-0.7215469162093952,0.9251933780255628,0.31543624161073835,0.051912927624645944,0.016375218780928593,more entrants + higher wages
29-1011,0.12122394155397741,0.26030654670243514,0.014663697766096566,0.21426582123577032,58.0,17.0,7611.394460284993,6200.444374285715,,,,,Chiropractors,Healthcare Practitioners & Technical,0.0,0.0,0.0,0.7272727272727273,13.908260514845772,19.960212346967374,,-0.18537340212248687,,insufficient data
29-1041,0.0,0.3266385622279245,0.0,0.1504670417322812,33.0,4.0,5680.428498055556,5624.7469083333335,,,,,Optometrists,Healthcare Practitioners & Technical,0.0,0.0,0.0,0.6000000000000001,32.66385622279245,15.04670417322812,,-0.009802357294222186,,insufficient data
29-1071,0.1585509609232895,0.2056189839591699,0.12803003977913419,0.18166459570639867,240.0,130.0,27496.590972348487,35112.262115833335,1396.258064516129,1953.3333333333333,93.0,48.0,Physician Assistants,Healthcare Practitioners & Technical,0.0,0.0,0.0,0.5416666666666666,4.70680230358804,5.3634555927264485,0.3989772972306933,0.2769678303446208,0.110503876370746,more entrants + higher wages
27-2021,0.2069262913890361,0.16379215325632254,0.18334975625218475,0.21379232147491722,95.0,73.0,13476.25278169192,16422.90699409091,1608.888888888889,848.0,27.0,10.0,Athletes and Sports Competitors,"Arts, Design, Entertainment, Sports, & Media",0.0,0.0,0.0,0.0,-4.313413813271355,3.0442565222732476,-0.4729281767955801,0.21865530872218053,-0.10340825650065553,more entrants + lower wages
27-1026,0.06408403659126283,0.13990791174597245,0.20674440056702387,0.08748543393121644,43.0,37.0,6781.238753679654,10227.63154,,,,,Merchandise Displayers and Window Trimmers,"Arts, Design, Entertainment, Sports, & Media",0.0,0.0,0.0,0.6097560975609756,7.582387515470962,-11.925896663580742,,0.5082246638861159,,insufficient data
27-1025,0.1097678442784623,0.11356354231460686,0.09101461009665393,0.1151614530657199,120.0,82.0,17724.42232681818,25158.736485,930.9677419354839,1061.6,31.0,30.0,Interior Designers,"Arts, Design, Entertainment, Sports, & Media",0.0,0.0,0.0,1.0,0.37956980361445597,2.414684296906597,0.1403187803187802,0.4194390102594898,0.05885517033772795,more entrants + higher wages
27-1023,0.20238201704785433,0.09820928107022989,0.11582550044543642,0.1840589397783794,76.0,42.0,11308.420355625,14073.993683333334,1250.0,,12.0,,Floral Designers,"Arts, Design, Entertainment, Sports, & Media",0.0,0.0,0.0,0.3333333333333333,-10.417273597762444,6.823343933294297,,0.24455876601126625,,insufficient data
39-9032,0.22752483181067862,0.2717699017049433,0.2613860536052607,0.24887774107455343,333.0,184.0,40817.82654109848,52700.91848916667,520.0555555555555,639.3827160493827,144.0,81.0,Recreation Workers,Personal Care & Service,0.0,0.0,0.0,0.3571428571428571,4.424506989426469,-1.250831253070725,0.22945079466818585,0.29112505380714926,0.06679887494386877,more entrants + higher wages
43-2021,0.14165317739854916,0.1929147113276863,0.1988188530423928,0.27280318720549657,53.0,18.0,8336.237064935063,5665.1546,,,,,Telephone Operators,Office & Administrative Support,0.0,0.0,0.0,0.9473684210526316,5.126153392913715,7.398433416310376,,-0.3204182467615405,,insufficient data
41-2022,0.12797372063209217,0.08716489527784006,0.17817642106160034,0.0901683648940169,249.0,92.0,24738.551576136364,22876.903863333333,650.3529411764706,663.7837837837837,85.0,37.0,Parts Salespersons,Sales & Related,0.0,0.0,0.0,0.5142857142857142,-4.080882535425211,-8.800805616758343,0.020651621230492356,-0.07525289858112949,-0.001554094357994142,fewer entrants + higher wages
39-5094,0.13444553617690294,0.0542874052728973,0.11450584337606658,0.0801952851234025,204.0,109.0,21521.092548295455,30915.316316666667,561.2,667.0967741935484,60.0,31.0,Skincare Specialists,Personal Care & Service,0.0,0.0,0.0,0.3333333333333333,-8.015813090400565,-3.4310558252664074,0.18869703170625152,0.43651240044108564,0.0823685942662035,more entrants + higher wages
47-2111,0.08839356036166689,0.08874332859713675,0.08419311087207067,0.07899170582581168,1831.0,1075.0,195570.2744715909,254568.67603666667,838.274678111588,988.5377358490566,699.0,424.0,Electricians,Construction & Extraction,0.0,0.0,0.0,0.1951219512195122,0.03497682354698661,-0.5201405046258989,0.17925276960049863,0.30167366551221986,0.05407584005859983,more entrants + higher wages
47-2031,0.15573914041525497,0.13733135324849235,0.16290877701173623,0.15682031077640024,2079.0,873.0,220460.24452897726,221624.46600666665,752.7210884353741,834.75,735.0,320.0,Carpenters,Construction & Extraction,0.0,0.0,0.0,0.2444444444444444,-1.8407787166762613,-0.6088466235335988,0.10897650248531421,0.005280868122852667,0.0005754905381146702,more entrants + higher wages
47-2011,0.1917582897737102,0.11761631454620312,0.2491130465211649,0.0,37.0,12.0,4436.63320969697,3458.5916049999996,,,,,Boilermakers,Construction & Extraction,0.0,0.0,0.0,0.0606060606060606,-7.414197522750708,-24.91130465211649,,-0.22044680244454384,,insufficient data
45-4011,0.16188728971030997,0.0,0.1882860060863174,0.07195274019947775,49.0,16.0,7409.454248303572,6474.725857142857,,,,,Forest and Conservation Workers,"Farming, Fishing, & Forestry",0.0,0.0,0.0,0.0434782608695652,-16.188728971030997,-11.633326588683964,,-0.12615347363467755,,insufficient data
45-2011,0.14272282857537627,0.0,0.08241246485733346,0.0,38.0,7.0,6909.946504090909,868.9368916666665,,,,,Agricultural Inspectors,"Farming, Fishing, & Forestry",0.0,0.0,0.0,0.5,-14.272282857537627,-8.241246485733345,,-0.8742483909025593,,insufficient data
45-2041,0.23305704480661904,0.1290773349405813,0.214492411841541,0.2128260319627248,64.0,28.0,11931.391148313493,6874.98983,570.0,,10.0,,"Graders and Sorters, Agricultural Products","Farming, Fishing, & Forestry",0.0,0.0,0.0,0.1,-10.397970986603774,-0.16663798788162099,,-0.4237897538903681,,insufficient data
43-9051,0.1867920905587264,0.1124416521291852,0.19024204827380034,0.15867244726865717,104.0,50.0,12556.080974128789,12645.71863590909,611.75,,24.0,,"Mail Clerks and Mail Machine Operators, Except Postal Service",Office & Administrative Support,0.0,0.0,0.0,0.3243243243243243,-7.43504384295412,-3.1569601005143166,,0.007138984048047803,,insufficient data
45-1011,0.16635486014300835,0.17744664187936415,0.08867212985076353,0.22683213549535866,80.0,34.0,10457.299030871212,9497.823679166668,,,,,"First-Line Supervisors of Farming, Fishing, and Forestry Workers","Farming, Fishing, & Forestry",0.0,0.0,0.0,0.4210526315789473,1.1091781736355806,13.816000564459513,,-0.0917517371237121,,insufficient data
43-5053,0.2753558930780955,0.06624192447771035,0.1548265853482648,0.011781375013033684,104.0,43.0,12928.001523737374,12250.51359875,723.8974358974359,1250.0,39.0,12.0,"Postal Service Mail Sorters, Processors, and Processing Machine Operators",Office & Administrative Support,0.0,0.0,0.0,0.1,-20.911396860038515,-14.304521033523109,0.7267639557948427,-0.052404690991366576,-0.03808584052709193,fewer entrants + higher wages
43-5071,0.15510254815142988,0.1553818062757416,0.15702172246332205,0.1685295829073465,1172.0,460.0,141634.31195473485,134799.75115416668,648.297520661157,786.140350877193,484.0,171.0,"Shipping, Receiving, and Inventory Clerks",Office & Administrative Support,0.0,0.0,0.0,0.7142857142857142,0.027925812431173203,1.1507860444024436,0.2126227940459482,-0.048254979363704154,-0.010260108538940348,fewer entrants + higher wages
43-6012,0.08406194361224378,0.0,0.19755811239020934,0.1798831510672658,41.0,7.0,7829.379621130952,8777.54592,,,,,Legal Secretaries and Administrative Assistants,Office & Administrative Support,0.0,0.0,0.0,1.0,-8.406194361224378,-1.767496132294355,,0.12110363077938047,,insufficient data
47-2231,0.2438919187090358,0.12959726620648998,0.1908864533817516,0.1077243990983176,70.0,35.0,11363.622152142858,12416.482017499999,,,,,Solar Photovoltaic Installers,Construction & Extraction,0.0,0.0,0.0,0.22,-11.42946525025458,-8.316205428343398,,0.09265178402280827,,insufficient data
47-2161,0.2607088123226443,0.13000809767115942,0.22985489819402122,0.028099220579082845,30.0,16.0,9170.726437946429,11484.885148214285,,,,,Plasterers and Stucco Masons,Construction & Extraction,0.0,0.0,0.0,0.0769230769230769,-13.070071465148489,-20.175567761493838,,0.2523419192499716,,insufficient data
47-2151,0.09456697918791776,0.17858484303535113,0.14647954715908879,0.17570566173494237,105.0,46.0,12753.08693838384,12040.2548025,1009.2,1136.0,25.0,10.0,Pipelayers,Construction & Extraction,0.0,0.0,0.0,0.0714285714285714,8.401786384743337,2.9226114575853583,0.1256440745144669,-0.05589486995014359,-0.007022859204992279,fewer entrants + higher wages
47-2211,0.16275533426981553,0.05834801795459224,0.1467117923033416,0.1545594699374373,261.0,120.0,28357.81524772727,30409.718134166666,775.0515463917526,985.2222222222222,97.0,36.0,Sheet Metal Workers,Construction & Extraction,0.0,0.0,0.0,0.131578947368421,-10.440731631522329,0.784767763409569,0.2711699329017765,0.07235758003620685,0.01962120012335313,more entrants + higher wages
47-4021,0.030281241785376063,0.0,0.06810428432699572,0.0,51.0,15.0,8870.944866904762,11979.265166666666,,,,,Elevator and Escalator Installers and Repairers,Construction & Extraction,0.0,0.0,0.0,0.2105263157894736,-3.0281241785376065,-6.810428432699572,,0.3503933736932867,,insufficient data
47-5032,0.16598044431969264,0.08829020294718837,0.13634353035464333,0.09290317196088634,22.0,13.0,2883.823423888889,7931.80587,,,,,"Explosives Workers, Ordnance Handling Experts, and Blasters",Construction & Extraction,0.0,0.0,0.0,0.1458333333333333,-7.769024137250427,-4.3440358393756995,,1.750447827108573,,insufficient data
47-5023,0.12189514458302322,0.018087533317810933,0.09718899149262498,0.059979339318677286,86.0,18.0,6940.830850694445,5538.591135714286,1064.0,,10.0,,"Earth Drillers, Except Oil and Gas",Construction & Extraction,0.0,0.0,0.0,0.1818181818181818,-10.380761126521229,-3.72096521739477,,-0.20202764555771624,,insufficient data
47-4061,0.00825804688137248,0.0,0.044070238572357485,0.0,27.0,8.0,7925.488773511905,2803.9136583333334,,,,,Rail-Track Laying and Maintenance Equipment Operators,Construction & Extraction,0.0,0.0,0.0,0.0,-0.825804688137248,-4.407023857235749,,-0.6462156797566345,,insufficient data
47-4051,0.1348476455377645,0.10908255334345067,0.140218117371194,0.15091233269548834,133.0,46.0,12284.492340530303,11812.364820833332,779.5172413793103,,58.0,,Highway Maintenance Workers,Construction & Extraction,0.0,0.0,0.0,0.032258064516129,-2.5765092194313817,1.069421532429435,,-0.038432806713491696,,insufficient data
47-4041,0.09500690914595038,0.19046587124461292,0.24316853820474596,0.21877358288933427,57.0,33.0,7172.676139722223,5336.649535416667,,,,,Hazardous Materials Removal Workers,Construction & Extraction,0.0,0.0,0.0,0.1290322580645161,9.545896209866255,-2.4394955315411693,,-0.25597511563886943,,insufficient data
47-4031,0.1845297191820562,0.1236319070026651,0.1498842812415534,0.09624924177640244,116.0,40.0,12594.661558522726,11407.028922222222,685.6521739130435,,46.0,,Fence Erectors,Construction & Extraction,0.0,0.0,0.0,0.0512820512820512,-6.089781217939111,-5.363503946515095,,-0.09429651053202304,,insufficient data
49-2091,0.2076566151420586,0.11510100111570941,0.07172942009230013,0.0,11.0,7.0,4171.9620875,7294.476366666668,,,,,Avionics Technicians,"Installation, Maintenance, & Repair",0.0,0.0,0.0,0.36,-9.25556140263492,-7.172942009230013,,0.7484522183272759,,insufficient data
17-1012,0.1940692822701264,0.2550432724105433,0.17295315560152583,0.08427535430886189,32.0,12.0,7652.716331547619,4286.608178333334,,,,,Landscape Architects,Architecture & Engineering,0.0,0.0,0.0,0.8421052631578947,6.097399014041691,-8.867780129266393,,-0.4398579546634721,,insufficient data
49-2092,0.1025288931232656,0.11290883118143179,0.029373978407204626,0.20088614605672747,32.0,29.0,6934.686413125,7308.062347777777,,,,,"Electric Motor, Power Tool, and Related Repairers","Installation, Maintenance, & Repair",0.0,0.0,0.0,0.1153846153846153,1.0379938058166185,17.151216764952284,,0.053841790732757966,,insufficient data
17-2041,0.07849140660633619,0.05842029932131786,0.07093313929043306,0.043139360655129654,177.0,91.0,21677.14187026515,23896.048658333333,1513.9130434782608,1609.142857142857,69.0,35.0,Chemical Engineers,Architecture & Engineering,0.0,0.0,0.0,0.8461538461538463,-2.0071107285018326,-2.7793778635303403,0.06290309346024459,0.10236159367079156,0.006438860893413383,more entrants + higher wages
49-3011,0.1606155589179209,0.13562725875053047,0.06618209258222645,0.1091537646128632,244.0,125.0,23988.408977272727,35282.63567083333,1061.404255319149,1469.090909090909,94.0,44.0,Aircraft Mechanics and Service Technicians,"Installation, Maintenance, & Repair",0.0,0.0,0.0,0.1791044776119403,-2.4988300167390425,4.297167203063676,0.38410120529352376,0.47082016586681785,0.1808425931859415,more entrants + higher wages
49-2097,0.18157483770807634,0.15321905424842344,0.13396784146695812,0.08677664613876857,51.0,26.0,7949.79548,13311.380577083331,,,,,Audiovisual Equipment Installers and Repairers,"Installation, Maintenance, & Repair",0.0,0.0,0.0,0.2857142857142857,-2.8355783459652892,-4.719119532818955,,0.674430570015536,,insufficient data
49-3021,0.1880582191101404,0.08247235277083144,0.15241603388844613,0.04398885338654713,206.0,97.0,20175.858053333333,25991.864862500002,775.375,840.0,80.0,36.0,Automotive Body and Related Repairers,"Installation, Maintenance, & Repair",0.0,0.0,0.0,0.0851063829787234,-10.558586633930895,-10.8427180501899,0.08334676769305172,0.2882656486674571,0.024026010053373407,more entrants + higher wages
49-3022,0.0971534324088502,0.08812928013741518,0.04957734564820049,0.10894434863524559,59.0,15.0,9701.488374882154,4037.8024809523813,,,,,Automotive Glass Installers and Repairers,"Installation, Maintenance, & Repair",0.0,0.0,0.0,0.0,-0.9024152271435021,5.93670029870451,,-0.5837955656982963,,insufficient data
49-3023,0.11281422928969952,0.08079042811469278,0.10969181685116951,0.1083475211752308,1794.0,772.0,202959.1242600379,205730.60774,743.1963470319635,962.0,657.0,304.0,Automotive Service Technicians and Mechanics,"Installation, Maintenance, & Repair",0.0,0.0,0.0,0.1272727272727272,-3.2023801175006734,-0.1344295675938703,0.294408945686901,0.01365537760406954,0.0040202653233706335,more entrants + higher wages
47-2121,0.13740214762965827,0.10717067262499712,0.10071402295093462,0.06948356894587279,106.0,22.0,11933.627785227272,10146.992495,736.8421052631579,,38.0,,Glaziers,Construction & Extraction,0.0,0.0,0.0,0.1666666666666666,-3.0231475004661155,-3.123045400506183,,-0.14971434691795582,,insufficient data
49-3031,0.10223413171330828,0.09524044301709178,0.09027876993011573,0.11313607862587605,762.0,323.0,80897.82239545454,79624.263685,934.1931034482759,1071.1612903225807,290.0,124.0,Bus and Truck Mechanics and Diesel Engine Specialists,"Installation, Maintenance, & Repair",0.0,0.0,0.0,0.0,-0.6993688696216499,2.2857308695760317,0.1466165682113585,-0.015742805835106122,-0.002308156165561009,fewer entrants + higher wages
49-9031,0.1722081245789674,0.08776998055787068,0.19771575578339187,0.030309324012840443,58.0,29.0,8659.33602478355,7159.090512222222,,,,,Home Appliance Repairers,"Installation, Maintenance, & Repair",0.0,0.0,0.0,0.2181818181818181,-8.443814402109671,-16.74064317705514,,-0.17325179531866342,,insufficient data
49-9044,0.09575846904000855,0.17964104133764353,0.12874759028593005,0.10110867582325657,58.0,41.0,7531.516367708333,8260.427205,880.0,,10.0,,Millwrights,"Installation, Maintenance, & Repair",0.0,0.0,0.0,0.0434782608695652,8.388257229763498,-2.7638914462673485,,0.09678141846931387,,insufficient data
49-9043,0.15310015854571493,0.1446056819271419,0.3756110860154979,0.13915929897179038,28.0,37.0,3639.142071861472,7869.357882777778,,,,,"Maintenance Workers, Machinery","Installation, Maintenance, & Repair",0.0,0.0,0.0,0.1714285714285714,-0.8494476618573027,-23.645178704370753,,1.1624211771299415,,insufficient data
49-9052,0.13600633851286825,0.11067294907807668,0.10286822668745069,0.18898249967544234,237.0,91.0,25649.362681439394,20103.953640833333,824.2857142857143,1108.974358974359,84.0,39.0,Telecommunications Line Installers and Repairers,"Installation, Maintenance, & Repair",0.0,0.0,0.0,0.03125,-2.5333389434791576,8.611427298799166,0.3453761720659465,-0.21620065611294415,-0.07467055500643473,fewer entrants + higher wages
49-9071,0.13431943661471024,0.17714523106711602,0.18776985499496182,0.15857681040068386,784.0,502.0,81614.35808617425,132119.46444500002,842.152380952381,986.0,315.0,173.0,"Maintenance and Repair Workers, General","Installation, Maintenance, & Repair",0.0,0.0,0.0,0.2352941176470588,4.282579445240578,-2.919304459427796,0.17080949042136928,0.6188262401757652,0.10570139474379432,more entrants + higher wages
49-9091,0.15590820282830176,0.35384360264327547,0.09580705532331273,0.2824908368333247,68.0,27.0,9960.82765261995,7883.110075,750.0,,10.0,,"Coin, Vending, and Amusement Machine Servicers and Repairers","Installation, Maintenance, & Repair",0.0,0.0,0.0,0.3214285714285714,19.79353998149737,18.668378151001196,,-0.20858884924823062,,insufficient data
49-9051,0.079028876543578,0.06466471748878065,0.07374841427583452,0.07373529349019387,332.0,171.0,32137.36631780303,37187.568483333336,1129.8840579710145,1231.304347826087,138.0,69.0,Electrical Power-Line Installers and Repairers,"Installation, Maintenance, & Repair",0.0,0.0,0.0,0.0,-1.436415905479735,-0.0013120785640655108,0.0897616787665787,0.15714424497606272,0.014105531237557891,more entrants + higher wages
49-9096,0.0,0.05412483640676091,0.0,0.1837065670730821,25.0,6.0,4686.831181666667,3640.54957,,,,,Riggers,"Installation, Maintenance, & Repair",0.0,0.0,0.0,0.0,5.412483640676092,18.37065670730821,,-0.22323859578287664,,insufficient data
49-9098,0.27915752059653515,0.3873645532232411,0.25087398072394596,0.1188047673713354,34.0,25.0,6489.8774621428565,10929.348964285715,,,,,"Helpers--Installation, Maintenance, and Repair Workers","Installation, Maintenance, & Repair",0.0,0.0,0.0,0.0666666666666666,10.820703262670595,-13.206921335261057,,0.6840609130202304,,insufficient data
51-1011,0.1208299010984016,0.10200446531168623,0.12201461758736615,0.11042991797161174,791.0,342.0,85701.77411060606,83418.511415,898.8524590163935,1113.3823529411766,305.0,136.0,First-Line Supervisors of Production and Operating Workers,Production,0.0,0.0,0.0,0.65,-1.882543578671536,-1.158469961575441,0.23867086502666002,-0.026641953673669505,-0.0063586581292949034,fewer entrants + higher wages
51-2031,0.24927451758299568,0.21938517709860003,0.1658007295073557,0.0,18.0,6.0,10359.730377083333,10409.769825,,,,,Engine and Other Machine Assemblers,Production,0.0,0.0,0.0,0.1904761904761904,-2.988934048439565,-16.58007295073557,,0.0048301882476939895,,insufficient data
51-2041,0.1405216558499289,0.0,0.2527866840101077,0.1849686003458326,31.0,15.0,6325.326225446429,5373.0471,,,,,Structural Metal Fabricators and Fitters,Production,0.0,0.0,0.0,0.0454545454545454,-14.05216558499289,-6.781808366427508,,-0.15055019954788484,,insufficient data
51-3011,0.13513813873618918,0.10941091334389608,0.1326606791599821,0.13455550431957913,498.0,288.0,56780.585312310606,75819.86910666668,468.83870967741933,608.4380952380952,186.0,105.0,Bakers,Production,0.0,0.0,0.0,0.3823529411764705,-2.5727225392293107,0.18948251595970467,0.2977556730687321,0.33531327107028197,0.09984142871641001,more entrants + higher wages
51-3091,0.1791060750936565,0.12766308788823288,0.19139157469800136,0.07074788075765044,22.0,21.0,6056.305964285714,8043.319801785714,,,,,"Food and Tobacco Roasting, Baking, and Drying Machine Operators and Tenders",Production,0.0,0.0,0.0,0.0666666666666666,-5.144298720542362,-12.064369394035092,,0.328090068305251,,insufficient data
49-9094,0.15164994993259537,0.11299861203610495,0.03930205474865545,0.07007015886184156,36.0,35.0,7505.465481289682,8244.381886666666,,,,,Locksmiths and Safe Repairers,"Installation, Maintenance, & Repair",0.0,0.0,0.0,0.08,-3.865133789649042,3.076810411318611,,0.0984504435093363,,insufficient data
51-3092,0.10216409105485598,0.1454785834607984,0.13663479710978335,0.08874536724504262,197.0,70.0,22160.086666287876,18096.840578333333,523.3684210526316,688.0,76.0,25.0,Food Batchmakers,Production,0.0,0.0,0.0,0.1282051282051282,4.3314492405942415,-4.788942986474074,0.31456154465004027,-0.18335876339942103,-0.05767761584004315,fewer entrants + higher wages
51-3093,0.2556209209009025,0.06915060922931617,0.23761992568501517,0.0714006679858007,42.0,14.0,5287.2073248611105,7408.703978571428,,,,,Food Cooking Machine Operators and Tenders,Production,0.0,0.0,0.0,0.1290322580645161,-18.647031167158634,-16.621925769921447,,0.40125089170132866,,insufficient data
51-4033,0.1753408594540923,0.12099562780599521,0.18787086594841973,0.14679192958285822,73.0,19.0,11570.218443308082,7828.901225,600.0,,11.0,,"Grinding, Lapping, Polishing, and Buffing Machine Tool Setters, Operators, and Tenders, Metal and Plastic",Production,0.0,0.0,0.0,0.0967741935483871,-5.434523164809709,-4.107893636556151,,-0.32335752662232276,,insufficient data
51-4031,0.17016570606102463,0.09986363141147638,0.12181634719305474,0.05710996188337325,97.0,38.0,12551.68410875,15343.686794047619,683.6571428571428,,35.0,,"Cutting, Punching, and Press Machine Setters, Operators, and Tenders, Metal and Plastic",Production,0.0,0.0,0.0,0.02,-7.030207464954826,-6.47063853096815,,0.22244048377151748,,insufficient data
51-4041,0.07620554726149092,0.07432356291637411,0.11782825049822754,0.10657977557146016,438.0,192.0,49994.513041098486,40064.134934999995,831.4285714285714,903.5135135135135,168.0,74.0,Machinists,Production,0.0,0.0,0.0,0.3061224489795918,-0.18819843451168133,-1.124847492676738,0.08670010216401969,-0.1986293595446189,-0.01722118576529226,fewer entrants + higher wages
51-4111,0.2687718719927307,0.0,0.24601714110259726,0.10274073686947036,35.0,12.0,5313.977174255952,7899.644266666666,,,,,Tool and Die Makers,Production,0.0,0.0,0.0,0.28125,-26.877187199273074,-14.32764042331269,,0.4865785093954138,,insufficient data
51-5112,0.1526230417828077,0.16703403385413979,0.12066239183997943,0.17410145209130962,172.0,83.0,18886.796063825757,22016.406775833333,674.6666666666666,686.6666666666666,69.0,30.0,Printing Press Operators,Production,0.0,0.0,0.0,0.4,1.4410992071332092,5.343906025133019,0.01778656126482203,0.1657036323911909,0.0029472978093294656,more entrants + higher wages
53-6051,0.358356655071851,0.1781017103351127,0.25474231443836726,0.012181301001695148,26.0,38.0,5629.299680555556,8496.126974285715,,,,,Transportation Inspectors,Transportation & Material Moving,0.0,0.0,0.0,0.6381313131313131,-18.025494473673827,-24.25610134366721,,0.5092689066870271,,insufficient data
53-7021,0.11762570208276717,0.10694786480611584,0.13234438486754435,0.1811258981275731,62.0,31.0,8278.887645833332,11652.736716666666,,,,,Crane and Tower Operators,Transportation & Material Moving,0.0,0.0,0.0,0.2631578947368421,-1.0677837276651323,4.878151326002874,,0.4075244423121689,,insufficient data
53-7051,0.10727521508796845,0.11729772998670487,0.12568087303562783,0.13751090443450875,1064.0,432.0,128399.8524719697,124628.12491083334,696.7201834862385,813.4588235294118,436.0,170.0,Industrial Truck and Tractor Operators,Transportation & Material Moving,0.0,0.0,0.0,0.0625,1.0022514898736428,1.183003139888092,0.1675545546262751,-0.029374858993391317,-0.004921891415847314,fewer entrants + higher wages
53-7061,0.16667671065371004,0.1602951429238811,0.1679601109679985,0.2060617518197363,802.0,412.0,97015.99277935605,110331.27646166668,590.0319488817892,629.5454545454545,313.0,154.0,Cleaners of Vehicles and Equipment,Transportation & Material Moving,0.0,0.0,0.0,0.1111111111111111,-0.6381567729828924,3.8101640851737786,0.06696841711461587,0.13724833711276507,0.009191303888055065,more entrants + higher wages
53-7062,0.17741757641130948,0.16623399027151123,0.19633781812237106,0.1759821345984541,5241.0,2358.0,613678.6990950757,621550.9980608333,597.821107430194,685.107027027027,2113.0,925.0,"Laborers and Freight, Stock, and Material Movers, Hand",Transportation & Material Moving,0.0,0.0,0.0,0.0417391304347826,-1.1183586139798252,-2.035568352391695,0.14600675438182842,0.012828046626623957,0.0018729814530121266,more entrants + higher wages
53-7063,0.16345469182625527,0.1908574401392634,0.22567266591310814,0.15158237548535392,53.0,21.0,8948.057207222222,8194.283837500001,,,,,Machine Feeders and Offbearers,Transportation & Material Moving,0.0,0.0,0.0,0.0909090909090909,2.7402748313008125,-7.409029042775423,,-0.08423877410102276,,insufficient data
53-7064,0.1742069535928269,0.21567086784878303,0.1692066931240251,0.20100709204345107,1668.0,611.0,219680.0003662879,173208.63453416666,544.0475482912333,656.4426877470356,673.0,253.0,"Packers and Packagers, Hand",Transportation & Material Moving,0.0,0.0,0.0,0.1,4.146391425595613,3.1800398919425987,0.20659065518963837,-0.21154117696028885,-0.043702430347813306,fewer entrants + higher wages
53-7065,0.1655750105806583,0.12383562721175177,0.16612159327739462,0.13993319997597117,4664.0,2064.0,550796.701275,551523.2235041666,523.1567449481158,592.3325183374083,1831.0,818.0,Stockers and Order Fillers,Transportation & Material Moving,0.0,0.0,0.0,0.2545454545454545,-4.173938336890652,-2.6188393301423445,0.13222762404822475,0.0013190388168353717,0.0001744133687775227,more entrants + higher wages
53-7081,0.19906718484922512,0.21555605046723544,0.17806257106313672,0.21945067458703127,180.0,54.0,19045.88655814394,19480.102243939393,607.5211267605633,840.0,71.0,14.0,Refuse and Recyclable Material Collectors,Transportation & Material Moving,0.0,0.0,0.0,0.2142857142857142,1.6488865618010329,4.138810352389455,0.38266796494644617,0.022798397148374505,0.008724216240809334,more entrants + higher wages
11-2030,0.10617187387568172,0.07368648025195561,0.12177023585272674,0.07699896708158561,152.0,99.0,12002.605276704546,24137.68880916667,1044.4516129032259,1304.7619047619048,62.0,42.0,,,,,,,-3.2485393623726115,-4.477126877114113,0.2492315475822795,1.0110374583437065,0.2519824304066564,more entrants + higher wages
11-9030,0.13552258197499722,0.13892381553048008,0.10025680605682208,0.15973235892802728,629.0,266.0,73064.29202291666,68640.4765125,895.991304347826,885.5247524752475,230.0,101.0,,,,,,,0.34012335554828577,5.947555287120521,-0.011681532869559419,-0.060546888061669524,0.0007072804630419273,fewer entrants + lower wages
11-9070,0.12784515896474782,0.08711404306960198,0.13679957573639973,0.20163307706303468,84.0,53.0,12643.696806412338,13674.721621666667,520.0,770.0,13.0,12.0,,,,,,,-4.073111589514585,6.483350132663496,0.48076923076923084,0.08154456968087365,0.03920412003888157,more entrants + higher wages
13-1021,0.057083598387927335,0.13730911885481556,0.04666511483039632,0.0,20.0,8.0,6226.056800595238,5186.4170125,,,,,,,,,,,8.022552046688821,-4.666511483039632,,-0.16698205965545387,,insufficient data
13-1022,0.10584035567490584,0.15481501810226173,0.13850476904834277,0.12475724312062003,308.0,128.0,34538.35349280303,33708.014090833334,777.2212389380531,740.0,113.0,44.0,,,,,,,4.897466242735589,-1.3747525927722744,-0.047890146425887625,-0.02404108239099223,0.0011513309559414465,fewer entrants + lower wages
13-1023,0.11369292944656435,0.061624817136682664,0.11397088520988022,0.07744272401963666,284.0,173.0,34964.15121704545,46070.49338166667,1034.462962962963,1042.75,108.0,64.0,,,,,,,-5.206811230988169,-3.652816119024356,0.008010955765202832,0.31764941455826734,0.002544675408868856,more entrants + higher wages
13-1030,0.0956496519902816,0.10834534611825163,0.06955113723871824,0.08662567864788731,468.0,147.0,54205.423735795455,42966.51533083334,975.5428571428571,1150.625,175.0,64.0,,,,,,,1.269569412797003,1.7074541409169073,0.1794715030459233,-0.20733918546125696,-0.03721147525504923,fewer entrants + higher wages
13-1070,0.10675584635860769,0.0675030578990482,0.09890243995595312,0.08506471613628368,1498.0,503.0,183825.38232670454,138062.78649833333,1014.5652173913044,1123.0331753554503,598.0,211.0,,,,,,,-3.9252788459559484,-1.3837723819669439,0.10691077922328507,-0.24894601196607014,-0.026615012123821807,fewer entrants + higher wages
13-1082,0.09513898589459802,0.10861517284963294,0.0681412780865268,0.07839154367781796,973.0,464.0,113711.81308806819,114608.22150750001,1270.619718309859,1419.5555555555557,355.0,180.0,,,,,,,1.3476186955034928,1.0250265591291163,0.11721511566325016,0.00788316002610534,0.0009240255142518476,more entrants + higher wages
13-2020,0.07637929722663572,0.10111787623696755,0.025066762560088853,0.05418841156181964,78.0,28.0,11254.925801785714,7625.648314583333,770.0,,14.0,,,,,,,,2.473857901033183,2.9121649001730785,,-0.32246125395394054,,insufficient data
13-2070,0.11102726132131102,0.13082843684215942,0.10941856330603371,0.13828287427077002,550.0,176.0,62907.1484905303,41703.616643333335,988.8088888888889,1025.5454545454545,225.0,66.0,,,,,,,1.9801175520848395,2.886431096473631,0.03715234163989556,-0.337060769021963,-0.012522596844109895,fewer entrants + higher wages
15-1230,0.12466312452373457,0.11641159375402878,0.10635081295505984,0.1338766458692751,1107.0,448.0,122594.23978503789,119326.99217583335,926.0636363636364,1063.8227848101267,440.0,158.0,,,,,,,-0.8251530769705793,2.7525832914215274,0.14875775598686447,-0.02665090639603851,-0.003964529030490663,fewer entrants + higher wages
17-1020,0.06067319994027656,0.12992536745364308,0.08515228734256665,0.024536344077915946,79.0,35.0,9838.418847348485,10432.155618055556,,,,,,,,,,,6.925216751336652,-6.0615943264650705,,0.06034879993618958,,insufficient data
17-2070,0.1005673416545253,0.08007370274853028,0.08069317644537091,0.1138934560663104,428.0,210.0,47925.33065852273,54999.30768500001,1394.2944785276075,1832.4050632911392,163.0,79.0,,,,,,,-2.049363890599502,3.3200279620939495,0.3142166819925889,0.14760413604406253,0.04637968187614802,more entrants + higher wages
17-2110,0.095419592737431,0.06126018424929614,0.07628243054485004,0.05560668350041338,462.0,230.0,55098.85595833333,59245.3074175,1523.4285714285713,1503.6363636363637,175.0,88.0,,,,,,,-3.415940848813486,-2.0675747044436656,-0.012991884334719872,0.07525476504089812,-0.000977701203047869,more entrants + lower wages
19-1010,0.10408111830097663,0.11647207994422806,0.12936584291573935,0.0,75.0,35.0,7761.759590138889,9513.880927777776,,1280.0,,10.0,,,,,,,1.239096164325143,-12.936584291573935,,0.22573764586382095,,insufficient data
19-1020,0.12099800983397195,0.05369682521009668,0.09262152901614581,0.06984707158859244,214.0,103.0,18730.133052651516,26392.59295138889,926.4197530864197,1047.6097560975609,81.0,41.0,,,,,,,-6.730118462387527,-2.277445742755338,0.1308154350200217,0.4090979961112795,0.05351633232711617,more entrants + higher wages
19-1030,0.09142644064321533,0.06812389192357757,0.0705384883255026,0.06393600350091466,75.0,36.0,10106.252444253247,10129.54643125,1380.0,,12.0,,,,,,,,-2.330254871963776,-0.6602484824587931,,0.0023049084836586076,,insufficient data
19-1040,0.06532572808629679,0.14533855268224388,0.043754777810567705,0.09540688701707326,164.0,43.0,19127.24971780303,14798.18606111111,1122.4507042253522,1156.0869565217392,71.0,23.0,,,,,,,8.001282459594709,5.165210920650555,0.029966796911228943,-0.22632964595336302,-0.006782374535274779,fewer entrants + higher wages
19-2010,0.10779374323316654,0.06654113904554726,0.039705012713712184,0.0,51.0,13.0,7467.949931944444,6957.48069,,,,,,,,,,,-4.125260418761928,-3.9705012713712184,,-0.06835466849622163,,insufficient data
19-2030,0.10317215503593712,0.04185190159478762,0.08133640959372342,0.07699355471318538,179.0,84.0,22432.970239166665,20876.152608333337,1191.6486486486488,1380.0,74.0,20.0,,,,,,,-6.1320253441149495,-0.43428548805380385,0.1580594679186227,-0.06939864022621556,-0.010969112148431557,fewer entrants + higher wages
19-3090,0.12065946113892766,0.24637394172917285,0.1418733800182108,0.19712147834905563,135.0,65.0,10635.12766736111,8635.624095833333,1018.1818181818181,1058.0,55.0,12.0,,,,,,,12.57144805902452,5.524809833084484,0.03910714285714301,-0.18800936237598675,-0.007352508992918082,fewer entrants + higher wages
19-4010,0.18213528849510804,0.11177671028837972,0.12478852715217015,0.10467573591914434,89.0,42.0,9744.77367780303,11312.474483333333,694.0,880.0,12.0,12.0,,,,,,,-7.035857820672832,-2.011279123302581,0.26801152737752165,0.16087606109326735,0.04311663885208607,more entrants + higher wages
19-4040,0.14537402120279339,0.12400704103298359,0.14990278114228286,0.11869019471571325,67.0,23.0,7108.9030410533915,9261.452492857143,,,,,,,,,,,-2.1366980169809797,-3.1212586426569615,,0.30279628789040114,,insufficient data
19-5010,0.184747286915667,0.07251963928300538,0.19878543142700392,0.13701671507301433,103.0,48.0,11581.714695833332,11455.775398333333,847.0833333333334,,48.0,,,,,,,,-11.222764763266161,-6.176871635398959,,-0.010873976851226264,,insufficient data
21-1011,0.12192357292529171,0.121878289066882,0.09521628176017675,0.08894691215170664,323.0,170.0,37563.54215208333,46656.01551,794.9076923076923,931.9016393442623,130.0,61.0,,,,,,,-0.00452838584097115,-0.6269369608470119,0.172339440619657,0.2420558029672497,0.04171576168211773,more entrants + higher wages
21-1014,0.1476840689411813,0.127171701897009,0.0696647431733515,0.0901016302940602,234.0,88.0,27303.04444867424,23200.583260833333,935.8181818181819,1113.3333333333333,99.0,30.0,,,,,,,-2.0512367044172306,2.0436887120708693,0.18968978693089822,-0.15025654723424486,-0.028502132429836353,fewer entrants + higher wages
21-1019,0.1710835307018967,0.14117292592442895,0.17417881418799824,0.09125092650181402,345.0,154.0,41429.2192092803,42332.632477499996,781.9424460431654,818.4827586206897,139.0,58.0,,,,,,,-2.9910604777467737,-8.292788768618422,0.046730181693586115,0.021806186200519218,0.0010190070431944332,more entrants + higher wages
21-1029,0.09007985985685188,0.08347768567954804,0.09791922078297086,0.08181333517585636,1080.0,394.0,126322.19860359849,101170.13862666665,873.9951923076923,1026.4347826086957,416.0,161.0,,,,,,,-0.6602174177303841,-1.6105885607114498,0.17441696664086082,-0.1991103721671239,-0.03472822714012263,fewer entrants + higher wages
21-2099,0.13037750237294266,0.11445764599104626,0.12557808205794121,0.09535167282930433,109.0,43.0,14660.206341193181,12315.511805681817,792.9142857142857,,35.0,,,,,,,,-1.59198563818964,-3.022640922863688,,-0.15993598459273328,,insufficient data
23-2099,0.2038735487407186,0.25367177318001427,0.2430806377461547,0.24848455064195463,216.0,106.0,18196.422857765152,16596.1771075,931.7349397590361,839.6363636363636,83.0,33.0,,,,,,,4.9798224439295655,0.5403912895799917,-0.09884632655988079,-0.08794287551864965,0.00869283019213139,fewer entrants + lower wages
25-1000,0.13229117785947844,0.12756783318057824,0.14354346429586642,0.14367982726091857,771.0,296.0,89033.79715511363,81047.10010750001,627.6744186046511,737.8899082568807,301.0,109.0,,,,,,,-0.4723344678900204,0.013636296505215029,0.17559340700429327,-0.08970410454020383,-0.015751449338483683,fewer entrants + higher wages
25-2010,0.12445799356932917,0.11569502313506938,0.14983229782690557,0.13361532272287152,1432.0,566.0,155241.89800151516,145059.22573583334,607.2980599647266,658.1302325581395,567.0,215.0,,,,,,,-0.8762970434259789,-1.6216975104034055,0.0837021817530017,-0.06559229432754321,-0.005490218141400404,fewer entrants + higher wages
25-2020,0.09912901386592958,0.10294397015663509,0.09061749017863054,0.10200088865844681,4390.0,1911.0,501254.93261136365,509172.9285408333,939.9068965517241,1019.9463601532567,1740.0,783.0,,,,,,,0.38149562907055096,1.1383398479816274,0.08515679999282555,0.015796345161572134,0.0013451662055416359,more entrants + higher wages
25-2030,0.08894084218337928,0.07283123545214876,0.08880455928105639,0.08472449381074436,1304.0,508.0,142610.46138503787,130878.23425750001,935.7209302325581,1035.5217391304348,516.0,184.0,,,,,,,-1.610960673123052,-0.4080065470312033,0.10665659565087715,-0.08226764722303015,-0.008774387185015733,fewer entrants + higher wages
25-2050,0.09890775340471519,0.07124586166910564,0.10743485166629527,0.035639089100802525,460.0,156.0,53661.45956060606,42533.72985333334,905.0430107526881,1011.4117647058823,186.0,68.0,,,,,,,-2.766189173560955,-7.179576256549275,0.11752894911008882,-0.2073691211232318,-0.024371874883496156,fewer entrants + higher wages
25-4010,0.16127564832894495,0.10212652420107522,0.20035309531902343,0.06851807341552807,102.0,53.0,12024.526585454545,11748.586273333334,962.0,954.0,14.0,24.0,,,,,,,-5.914912412786973,-13.183502190349536,-0.008316008316008316,-0.022948122752292077,0.00019083677964484058,fewer entrants + lower wages
25-9040,0.14630077461929897,0.16056036258235232,0.143975116487861,0.15083769509339798,3550.0,1711.0,392815.03475378786,441400.4156558333,475.22631959508317,602.9364161849711,1383.0,692.0,,,,,,,1.425958796305335,0.686257860553699,0.2687353189922297,0.12368513575988316,0.033238564413029435,more entrants + higher wages
27-1010,0.16975394696944024,0.1585018279774993,0.14195361113992258,0.16000964620846345,411.0,167.0,48184.84093162879,43406.021870833334,958.3855421686746,1192.2222222222222,83.0,27.0,,,,,,,-1.1252118991940951,1.8056035068540865,0.2439901999402163,-0.09917681512275389,-0.024198170951234593,fewer entrants + higher wages
27-2030,0.17782489926836856,0.03275522378321745,0.3336953495120887,0.18678805493091782,55.0,21.0,9305.828980523991,5966.67883,,,,,,,,,,,-14.50696754851511,-14.690729458117085,,-0.358823502722051,,insufficient data
27-2091,0.41358757087883463,0.47627398932397275,0.16848780804534724,0.5237737225144291,20.0,11.0,5490.274751785714,3734.457225,,,,,,,,,,,6.2686418445138115,35.52859144690819,,-0.3198050382113634,,insufficient data
27-2099,0.2022060306318251,0.1420767021516596,0.2044765368809072,0.15458051812409623,69.0,58.0,10445.733358358586,18106.182925,,,,,,,,,,,-6.0129328480165505,-4.989601875681096,,0.733356797827085,,insufficient data
27-3099,0.2401238207799663,0.10162981263164228,0.2409278803933377,0.12288732640780373,47.0,32.0,8329.919123282829,12203.010288690475,,,,,,,,,,,-13.849400814832402,-11.804055398553398,,0.4649614369702617,,insufficient data
27-4010,0.12087253647052942,0.06954551468375536,0.11872865807576002,0.07785198805334399,201.0,84.0,24481.837482007577,27692.017086363634,795.3015873015873,811.1764705882352,63.0,34.0,,,,,,,-5.132702178677406,-4.087667002241603,0.019960834405612582,0.13112494545049214,0.0026173633225822566,more entrants + higher wages
27-4030,0.1544639186190929,0.11972365510151912,0.1522472466160891,0.12543771350165692,270.0,130.0,33145.46946912879,35205.42328,800.7948717948718,989.8709677419355,78.0,31.0,,,,,,,-3.474026351757377,-2.6809533114432185,0.236110522939883,0.06214888018978959,0.014674004601739355,more entrants + higher wages
29-1020,0.019916756205735475,0.1923386255956467,0.07987336776705413,0.0667281706617223,60.0,17.0,7851.650131010101,5651.539793181819,,,,,,,,,,,17.242186938991125,-1.3145197105331823,,-0.28020993053917975,,insufficient data
29-1240,0.06276718782362961,0.0,0.04003406861348315,0.0,19.0,15.0,6845.782643750001,7026.736788095239,,,,,,,,,,,-6.276718782362961,-4.003406861348315,,0.026432937439292425,,insufficient data
29-2010,0.12624729370496018,0.16598050935508535,0.13443197773866344,0.13320592072469042,754.0,319.0,80902.0766967803,84263.95807749999,810.0208333333334,983.948275862069,288.0,116.0,,,,,,,3.973321565012516,-0.12260570139730198,0.21471971506338083,0.041554945410362754,0.008922666037987435,more entrants + higher wages
29-2090,0.1764501484457445,0.18316189154462703,0.14066403925178486,0.17908132195926038,333.0,93.0,36186.39211496212,27327.858096666663,717.1803278688525,1018.2285714285714,122.0,35.0,,,,,,,0.6711743098882533,3.841728270747552,0.4197664546297626,-0.24480290795922377,-0.10276004875709945,fewer entrants + higher wages
29-9000,0.10767742476333565,0.17565115861265074,0.14253152734893315,0.13017026964018638,195.0,86.0,23556.65705284091,21611.447386666667,1216.123076923077,1140.5882352941176,65.0,34.0,,,,,,,6.797373384931508,-1.236125770874677,-0.06211118188799669,-0.08257579425683637,0.005128880176632156,fewer entrants + lower wages
31-1121,0.19992236800348498,0.15711719751385309,0.211228063430016,0.22137439177201287,576.0,254.0,79540.19445340909,71112.70586666666,441.6,546.8823529411765,225.0,102.0,,,,,,,-4.28051704896319,1.0146328341996886,0.238411125319693,-0.10595257711720651,-0.02526027314103476,fewer entrants + higher wages
31-1122,0.188711935178961,0.1683033729219504,0.18372450395103826,0.17969654437378468,2163.0,1077.0,240513.48032215913,298901.25711916666,508.91916859122404,570.3703703703703,866.0,432.0,,,,,,,-2.04085622570106,-0.4027959577253576,0.1207484519580071,0.24276301153182445,0.029313257835131626,more entrants + higher wages
31-2010,0.14653569451196452,0.03748080400935839,0.15565890555364498,0.10806989252508892,92.0,25.0,10856.047479261364,8070.611025694445,779.5862068965517,,29.0,,,,,,,,-10.905489050260615,-4.758901302855606,,-0.2565792438627431,,insufficient data
31-2020,0.08114141269353611,0.0759600825211375,0.14737616140483528,0.10488991338858661,256.0,148.0,27402.76152348485,40008.97151583333,554.2247191011236,530.6229508196722,89.0,61.0,,,,,,,-0.5181330172398607,-4.248624801624867,-0.04258519598283217,0.46003429185575495,-0.019590650477500738,more entrants + lower wages
33-1091,0.1623356596450659,0.26844151068462024,0.10278313972033296,0.14683261536656095,70.0,34.0,10766.003306540404,8655.506488383839,616.0,,10.0,,,,,,,,10.610585103955433,4.404947564622799,,-0.19603345439011965,,insufficient data
33-2020,0.16065305494799045,0.12942830992722076,0.10165317806723866,0.15053967392356066,33.0,26.0,5360.951729861111,9867.908605555556,,,,,,,,,,,-3.122474502076969,4.8886495856322005,,0.8407008872305608,,insufficient data
33-3050,0.05587840402772962,0.04182611053353088,0.052211437878823264,0.04228854674620341,1216.0,496.0,137367.76974450756,123248.782755,979.3402922755741,1276.7326732673268,479.0,202.0,,,,,,,-1.4052293494198738,-0.9922891132619855,0.3036660324683855,-0.1027823849493057,-0.031211519045193963,fewer entrants + higher wages
33-9030,0.14913379264981216,0.11619341969029165,0.14699443179242608,0.1355816681419708,1686.0,769.0,213603.66279905307,227797.98346999998,599.5800293685757,668.6363636363636,681.0,308.0,,,,,,,-3.2940372959520516,-1.1412763650455267,0.11517450696366915,0.06645167262089591,0.007653538631022839,more entrants + higher wages
33-9094,0.2868268038729583,0.17297535435208553,0.34179628778451554,0.2153608358029031,16.0,27.0,4500.420527777777,10654.55787,,,,,,,,,,,-11.385144952087275,-12.643545198161243,,1.367458286228425,,insufficient data
35-2010,0.1582788733337538,0.13857132175571876,0.17369067487878415,0.15099578189676682,3898.0,1947.0,446234.5659992424,512402.21767333336,486.28269484808453,548.0130718954248,1514.0,765.0,,,,,,,-1.9707551578035027,-2.2694892982017323,0.12694339671417865,0.14827997810058324,0.018823164084792062,more entrants + higher wages
35-9099,0.31510278704937494,0.2071482403094767,0.0,0.27492681744754693,14.0,14.0,7882.314300000001,13189.3514,,,,,,,,,,,-10.795454673989823,27.492681744754695,,0.6732841267189762,,insufficient data
39-1000,0.12069781612853593,0.16133520988155112,0.145895651933222,0.08674717836837352,285.0,78.0,29285.224405492423,21685.777158333334,599.3953488372093,692.0,86.0,15.0,,,,,,,4.063739375301519,-5.914847356484847,0.15449677970047326,-0.25949766141227926,-0.04009155302800091,fewer entrants + higher wages
39-3010,0.12635237702999694,0.1720786964156496,0.18267942511742571,0.20001493891392735,115.0,50.0,12873.041325,11456.143380833333,715.1515151515151,560.0,33.0,11.0,,,,,,,4.572631938565267,1.733551379650164,-0.2169491525423729,-0.11006707027460483,0.02387895761889732,fewer entrants + lower wages
39-6010,0.18521114947735928,0.13358899923788148,0.13517118547159443,0.06596629642583704,147.0,66.0,18470.27011402778,20260.258451363636,518.4761904761905,634.6153846153846,63.0,26.0,,,,,,,-5.16221502394778,-6.920488904575739,0.22400101735149502,0.09691186573261845,0.02170835651753802,more entrants + higher wages
39-7010,0.24094827430678495,0.19612494609702347,0.20523513686348574,0.14801647014124136,151.0,85.0,18023.942324305557,18269.23143,275.1525423728813,444.7368421052632,59.0,38.0,,,,,,,-4.482332820976148,-5.721866672224437,0.6163283038197938,0.013609070717212957,0.008387655471703486,more entrants + higher wages
39-9099,0.22441493606771198,0.21629560089143315,0.22456755583964033,0.2574470878356375,272.0,101.0,33485.235364583335,28816.91626,451.5,445.52941176470586,80.0,34.0,,,,,,,-0.811933517627883,3.287953199599719,-0.013223894208846398,-0.13941425388698092,0.0018435993446066885,fewer entrants + lower wages
41-2010,0.16402371645759323,0.15255244193417927,0.1550130487587749,0.14958647365653863,6852.0,2862.0,830643.5502710227,793654.3931416667,395.3368869936034,454.2827763496144,2814.0,1167.0,,,,,,,-1.1471274523413955,-0.5426575102236264,0.14910293295491228,-0.04453072213380482,-0.006639661276750529,fewer entrants + higher wages
41-3091,0.1488651827823301,0.14785291000027198,0.12725619146660994,0.1073397757517513,988.0,515.0,120200.69373049242,136198.4927925,1012.3325526932084,1163.911330049261,427.0,203.0,,,,,,,-0.10122727820581212,-1.9916415714858637,0.1497321971448935,0.13309240209442552,0.01992821778888996,more entrants + higher wages
41-4010,0.13549581390488982,0.10418628271785567,0.1456231758376249,0.10265463798454298,1246.0,625.0,140849.8430996212,165005.09341333335,914.930817610063,1156.050847457627,477.0,236.0,,,,,,,-3.1309531187034154,-4.296853785308192,0.2635390842745968,0.17149646589685896,0.04519602157878783,more entrants + higher wages
41-9010,0.24400300411890383,0.2942070473704401,0.2344206746393767,0.2828936986301921,64.0,42.0,8525.975241666667,16697.888472023813,,,,,,,,,,,5.020404325153629,4.847302399081538,,0.9584725499108642,,insufficient data
41-9020,0.12901421234251842,0.11466052866103556,0.10813822370049699,0.1048693867998611,824.0,349.0,98574.96448598485,96420.77247083334,774.9803921568628,964.2268041237113,255.0,97.0,,,,,,,-1.4353683681482863,-0.32688369006358825,0.24419509691097252,-0.021853337978709475,-0.005336477985539196,fewer entrants + higher wages
41-9099,0.17023459309887548,0.16063802583184883,0.19863108634919482,0.15808335993125122,769.0,445.0,91415.18977405303,121742.32554083335,541.0333333333333,657.68,300.0,175.0,,,,,,,-0.9596567267026651,-4.054772641794361,0.21559977820220566,0.33175160322631925,0.07152557207382057,more entrants + higher wages
43-2099,0.23250827563559975,0.8801044140366898,0.41854613371505717,0.0,6.0,5.0,5628.86582,3776.4782,,,,,,,,,,,64.75961384010901,-41.854613371505714,,-0.3290871872301976,,insufficient data
43-3099,0.19362384810861774,0.19720354594958256,0.2416316697838248,0.1930339347678266,258.0,141.0,30204.455171401514,40487.34081750001,845.6458333333334,1010.0,96.0,58.0,,,,,,,0.35796978409648184,-4.859773501599821,0.19435342809982492,0.34044267932482475,0.06616620179826908,more entrants + higher wages
43-4199,0.17489899754657573,0.20762508579844638,0.19607420519925242,0.21090014394368672,201.0,77.0,26662.959524621212,20278.244900000005,614.3478260869565,544.9142857142857,69.0,35.0,,,,,,,3.272608825187065,1.4825938744434302,-0.11301991709635018,-0.23946008764426208,0.02706375925343925,fewer entrants + lower wages
43-9199,0.15025959451740856,0.12332051111059558,0.13366257121477917,0.12545436029061013,1066.0,602.0,121440.59152367424,151719.40765083334,774.1037735849056,932.3716814159292,424.0,226.0,,,,,,,-2.6939083406812974,-0.820821092416904,0.20445308914860139,0.24933027538206942,0.05097634502013557,more entrants + higher wages
45-2090,0.1595734750819656,0.15480907090442614,0.14942448364100563,0.11275534231245467,1691.0,700.0,156907.00677727273,157216.37750999996,572.8818897637796,668.1509433962265,635.0,265.0,,,,,,,-0.4764404177539455,-3.6669141328550965,0.1662978972362521,0.0019716820751438657,0.0003278865831148349,more entrants + higher wages
45-3031,0.3001474609708383,0.22010349178955288,0.22917107497594502,0.24833879923280908,47.0,19.0,6784.806853472222,6706.682200000001,,,,,,,,,,,-8.00439691812854,1.9167724256864056,,-0.011514646644987359,,insufficient data
45-4020,0.2337358062270323,0.23986039127628042,0.24394178829167798,0.20947792500155427,108.0,29.0,10542.521240227274,8233.310786363636,677.5238095238095,,21.0,,,,,,,,0.6124585049248121,-3.4463863290123715,,-0.21903778055028666,,insufficient data
47-2020,0.19261054028352453,0.1506085964172607,0.26712101695987334,0.19160521570175498,163.0,104.0,18286.934759469696,29907.5790625,704.2622950819672,863.6363636363636,61.0,33.0,,,,,,,-4.200194386626382,-7.551580125811835,0.22629930590824454,0.6354615716563803,0.14380451259720106,more entrants + higher wages
47-2040,0.11737178179051302,0.15807855703384913,0.08700661966834682,0.1900322808690836,235.0,90.0,26233.426426515154,24509.04641527778,726.1538461538462,969.0322580645161,78.0,31.0,,,,,,,4.07067752433361,10.30256612007368,0.33447238928376155,-0.06573216869201948,-0.02198559551522302,fewer entrants + higher wages
47-2050,0.15016850780103538,0.16822108924158588,0.11569807541025902,0.10253817571250015,99.0,51.0,10155.062961742424,12333.3185925,838.0487804878048,1040.0,41.0,24.0,,,,,,,1.8052581440550497,-1.3159899697758868,0.24097788125727604,0.21449947075304276,0.05168962799287529,more entrants + higher wages
47-2070,0.13393576239044439,0.06287344021365565,0.11153557734833001,0.06904770144182226,721.0,364.0,66445.51955151514,78597.57921,948.8623188405797,1036.9014084507041,276.0,142.0,,,,,,,-7.1062322176788735,-4.2487875906507755,0.09278384003877393,0.18288757075732365,0.016969011110227465,more entrants + higher wages
47-2080,0.16942879795190469,0.1220152444726081,0.17614885925982465,0.10237885817422875,256.0,107.0,29935.352783712122,33986.18517363636,708.9156626506024,746.9230769230769,83.0,39.0,,,,,,,-4.741355347929659,-7.37700010855959,0.05361344977252536,0.1353193469671854,0.0072549370118761254,more entrants + higher wages
47-2130,0.16357153539020525,0.07524275914867423,0.15243424545221823,0.15029447956451175,106.0,41.0,12018.078240416668,10010.9806325,882.0,1200.0,16.0,13.0,,,,,,,-8.832877624153102,-0.21397658877064796,0.3605442176870748,-0.16700653530169396,-0.060213240618978085,fewer entrants + higher wages
47-2140,0.1711402901637742,0.1667475845285124,0.14764855167382213,0.16029549401491966,799.0,373.0,96119.57440625,94650.59443,661.6231884057971,729.7727272727273,276.0,132.0,,,,,,,-0.43927056352617844,1.2646942341097533,0.10300355256764604,-0.015282838956832578,-0.0015741867058729733,fewer entrants + higher wages
47-3010,0.23634348542067107,0.23642893173272644,0.19082870802239132,0.21398537281195393,199.0,92.0,25976.59873844697,23573.4887,721.578947368421,736.6666666666666,76.0,30.0,,,,,,,0.008544631205537057,2.31566647895626,0.020909311937758357,-0.09251057317562583,-0.0019343324320699813,fewer entrants + higher wages
47-4090,0.1901173315249169,0.10782882953160207,0.1701321130716488,0.17057837311003454,81.0,39.0,12139.031557954546,14723.243039285715,780.0,,24.0,,,,,,,,-8.228850199331482,0.04462600383857429,,0.21288448497670887,,insufficient data
47-5010,0.12567938264579426,0.19186357232301804,0.10578626115694459,0.14445181099254475,97.0,26.0,8022.161662765151,5816.268865,880.0,,14.0,,,,,,,,6.618418967722378,3.8665549835600164,,-0.27497486220002254,,insufficient data
47-5040,0.06389102261913905,0.2408817962372206,0.0726260760043241,0.09024330655707691,127.0,56.0,7793.164154545455,6995.482865,1204.5116279069769,1171.5384615384614,43.0,26.0,,,,,,,17.699077361808158,1.7617230552752814,-0.027374718188326153,-0.10235653628317298,0.002801981335485041,fewer entrants + lower wages
49-2020,0.16164477007799746,0.11601584275571532,0.14734596272378095,0.047043736706154325,216.0,94.0,24701.943833522728,21787.128934166667,816.4285714285714,955.7837837837837,84.0,37.0,,,,,,,-4.562892732228215,-10.030222601762661,0.1706887990352557,-0.11799941409470771,-0.02014117827868948,fewer entrants + higher wages
49-3040,0.08691288384645915,0.13109533281249458,0.08204291450665853,0.1267041424863503,505.0,145.0,44599.43384943182,32970.23981499999,932.0833333333334,977.5357142857143,192.0,56.0,,,,,,,4.418244896603543,4.466122797969178,0.04876428890733764,-0.26074757078065414,-0.012715169873434289,fewer entrants + higher wages
49-3050,0.23264669047803962,0.20752557263566224,0.2598398961332264,0.2134114465513911,67.0,31.0,6554.280175050505,8471.722777777777,,,,,,,,,,,-2.5121117842377387,-4.642844958183528,,0.2925481596020567,,insufficient data
49-3090,0.138639443445612,0.13821202471706445,0.14847226382281006,0.08701398197250002,288.0,130.0,29124.204674810608,29713.881386666668,716.2363636363636,683.8823529411765,110.0,51.0,,,,,,,-0.04274187285475406,-6.145828185031005,-0.04517225365509847,0.020246963597466694,-0.0009146009753703106,more entrants + lower wages
49-9010,0.12310357872805945,0.4005445277252042,0.2509274003018337,0.11353039719408614,31.0,14.0,5085.878983333334,8409.47844857143,,,,,,,,,,,27.744094899714476,-13.739700310774754,,0.6534955857443105,,insufficient data
49-9060,0.1741623922472016,0.15585544685899522,0.1453699377827112,0.16035195617453904,95.0,40.0,11217.723045568182,9295.762356666666,822.8648648648649,1300.0,37.0,10.0,,,,,,,-1.8306945388206375,1.4982018391827834,0.5798462852263022,-0.17133251383495607,-0.09934652168568331,fewer entrants + higher wages
51-2020,0.16573147108613082,0.06426507550106497,0.20283397411041748,0.13177765203751352,140.0,85.0,15168.344729999999,22469.665798333335,711.1111111111111,838.7586206896551,63.0,29.0,,,,,,,-10.146639558506584,-7.105632207290396,0.1795043103448275,0.48135252714112964,0.08640485341720834,more entrants + higher wages
51-3020,0.13320090491760067,0.13511589067698268,0.1418349992670995,0.14941620504431896,562.0,214.0,58806.47950700758,54581.937045,645.6740088105727,696.6153846153846,227.0,78.0,,,,,,,0.19149857593820097,0.7581205777219463,0.07889643242516997,-0.07183804399486571,-0.00566776538359731,fewer entrants + higher wages
51-3099,0.1520043443254118,0.14468086649976383,0.08723894289531102,0.08679464716520373,263.0,95.0,27471.08507121212,21914.70100416667,722.5242718446602,800.0,103.0,43.0,,,,,,,-0.7323477825647962,-0.04442957301072914,0.10722923945176022,-0.20226299953721794,-0.021688507609607607,fewer entrants + higher wages
51-4020,0.12467715084094964,0.21155138182410294,0.14684884684195132,0.13223430198536343,47.0,13.0,8315.850095416667,4469.603791666666,,,,,,,,,,,8.68742309831533,-1.461454485658789,,-0.4625199179419892,,insufficient data
51-4050,0.09844885100340106,0.050395353212573164,0.08253407529400575,0.0,33.0,10.0,6267.748785416667,7777.848895833334,,,,,,,,,,,-4.80534977908279,-8.253407529400574,,0.24093181812427722,,insufficient data
51-4070,0.15698025843618768,0.24193204032181123,0.1364947412421843,0.16480558325427935,31.0,34.0,8314.103865625,9762.5245,,,,,,,,,,,8.495178188562354,2.8310842012095048,,0.17421247771074322,,insufficient data
51-4120,0.08649496334887645,0.0826953368522311,0.11736604659996805,0.05661738967150899,1339.0,622.0,130534.34541685606,135713.65473583335,852.360655737705,942.2222222222222,488.0,243.0,,,,,,,-0.379962649664535,-6.074865692845906,0.1054266945331297,0.039677751494730185,0.0041830941865963495,more entrants + higher wages
51-6040,0.21428569060077854,0.20569556702326278,0.275222683481172,0.18875474662934158,11.0,9.0,2964.86266875,2854.0391785714282,,,,,,,,,,,-0.8590123577515762,-8.646793685183043,,-0.03737896238725136,,insufficient data
51-6050,0.08004854941138206,0.04278742589809036,0.18980781013683182,0.3838680940102332,56.0,13.0,6071.58951959596,5004.767196666668,,,,,,,,,,,-3.7261123513291703,19.40602838734014,,-0.17570725416896849,,insufficient data
51-6060,0.12635856692808603,0.3336006393095404,0.10060579023735398,0.16297193160903783,36.0,14.0,8087.685095267857,8459.640368571429,,,,,,,,,,,20.72420723814544,6.236614137168385,,0.045990325899459616,,insufficient data
51-8010,0.03020634331135157,0.18944967623753473,0.3105239535267139,0.1201222821778569,27.0,27.0,3418.4823231249998,11993.134305,,,,,,,,,,,15.924333292618314,-19.0401671348857,,2.5083212874526426,,insufficient data
51-8090,0.14852849617663064,0.10447335633623159,0.08426670727965552,0.07627747564826239,73.0,43.0,9299.447739166666,6522.424542857143,1120.0,1152.0,11.0,13.0,,,,,,,-4.405513984039905,-0.7989231631393132,0.02857142857142847,-0.2986223778228765,-0.00853206793779644,fewer entrants + higher wages
51-9010,0.1980563835790966,0.11518289839829754,0.10120687267237254,0.11763763622497475,80.0,56.0,9934.788976420456,11963.31499,925.2173913043479,902.1739130434783,23.0,23.0,,,,,,,-8.287348518079906,1.6430763552602214,-0.024906015037594043,0.20418410681838473,-0.005085412434856398,more entrants + lower wages
51-9020,0.21633955028849997,0.19440377977086662,0.15667333013522072,0.16519646351162234,147.0,51.0,15093.636434027776,13285.803232272727,760.8196721311475,830.0,61.0,14.0,,,,,,,-2.1935770517633344,0.852313337640162,0.0909286791639734,-0.11977452946192535,-0.01089093976145929,fewer entrants + higher wages
51-9030,0.21606481295931745,0.15022216187492615,0.2410979836854106,0.2309204542173303,81.0,32.0,11450.15868901515,12898.90598,563.3333333333334,,24.0,,,,,,,,-6.58426510843913,-1.0177529468080315,,0.1265263941166792,,insufficient data
51-9080,0.14878497654850217,0.21449887381234045,0.1091041276829168,0.10762306232126055,163.0,49.0,20852.686377083333,15121.490403888889,632.3076923076923,806.0,65.0,14.0,,,,,,,6.571389726383828,-0.14810653616562502,0.27469586374695876,-0.27484209322271824,-0.07549798619183674,fewer entrants + higher wages
51-9120,0.13765373736656594,0.1373344681957372,0.13085994343507895,0.11304663017113542,274.0,144.0,29669.1872344697,37217.540154999995,763.7627118644068,885.1851851851852,118.0,54.0,,,,,,,-0.031926917082875095,-1.781331326394353,0.15897931574111057,0.25441724644754027,0.04044707975296745,more entrants + higher wages
51-9160,0.13632748571994996,0.1378971488696138,0.10785380933373805,0.09771737311249094,153.0,69.0,18027.02266253788,18707.55614861111,933.8823529411765,942.3333333333334,68.0,24.0,,,,,,,0.15696631496638358,-1.0136436221247103,0.009049298731838462,0.03775074225026942,0.00034161774397132373,more entrants + higher wages
53-1000,0.10180619627407594,0.14306811662136407,0.14456637718912174,0.1172602861013652,433.0,181.0,50450.093648106056,44293.31845416666,826.1411764705882,997.7142857142857,170.0,77.0,,,,,,,4.126192034728812,-2.730609108775654,0.20768013280331354,-0.1220369428228113,-0.025344648492351834,fewer entrants + higher wages
53-2010,0.09308789582001417,0.08771053186121412,0.050804623491062254,0.1157960902707868,205.0,123.0,21956.769522462124,25665.32392916667,1149.840909090909,1281.111111111111,88.0,45.0,,,,,,,-0.537736395880005,6.499146677972455,0.11416379516709618,0.16890255203119175,0.01928255635328878,more entrants + higher wages
53-2020,0.0,0.0,0.0,0.033773935092641656,37.0,36.0,6738.7437988095235,9398.97006,,1154.0,,10.0,,,,,,,0.0,3.3773935092641656,,0.39476590008666546,,insufficient data
53-3030,0.1516831539276918,0.11351674963999979,0.14501979085723174,0.11892158414116667,4427.0,1917.0,513213.77684223483,511654.08617,713.5800970873786,819.8813559322034,1648.0,708.0,,,,,,,-3.816640428769201,-2.609820671606507,0.1489689234309013,-0.0030390662577911565,-0.00045272642865832653,fewer entrants + higher wages
53-3099,0.22548611138322516,0.14494751829575134,0.18055797256096698,0.128484258745592,222.0,93.0,29649.7183782197,26623.148528333335,597.0632911392405,768.1578947368421,79.0,38.0,,,,,,,-8.053859308747382,-5.207371381537499,0.2865602460187102,-0.10207752435549755,-0.029251360492292263,fewer entrants + higher wages
53-4010,0.06063458813082161,0.09384182103568027,0.05769678171492859,0.0,22.0,17.0,5663.465777083334,4644.0936089285715,,,,,,,,,,,3.3207232904858666,-5.769678171492859,,-0.17999087630749944,,insufficient data
53-5020,0.30404705133925264,0.08814559686605437,0.2501729725182761,0.07122802407011686,40.0,42.0,7832.269541418651,10949.786891666667,,,,,,,,,,,-21.590145447319824,-17.894494844815924,,0.3980349927644782,,insufficient data
53-6030,0.1608170492887176,0.18931253087713396,0.14933800002503644,0.17673032844202322,298.0,127.0,31705.449121401518,30182.93803416667,530.78125,678.9230769230769,128.0,52.0,,,,,,,2.8495481588416363,2.7392328416986773,0.2791014696225176,-0.04802048636513834,-0.013402588316498178,fewer entrants + higher wages
53-7070,0.20609764980903578,0.14103193531395294,0.2206959797439174,0.22821484980119122,25.0,7.0,3364.5471545238097,2645.1703125,,,,,,,,,,,-6.506571449508283,0.7518870057273835,,-0.21381089608346548,,insufficient data
